No,link,title
1,https://www.youtube.com/watch?v=QBCEXSVjBrM,Amber Heard Officially FIRED From Aquaman 2 Role! (REACTIONS)
2,https://www.youtube.com/watch?v=tDyEIfYRIME,Amber Heard FIRED From Aquaman 2 after Johnny Depp Lawsuit?!
3,https://www.youtube.com/watch?v=Wahd_gszuBA,'Aquaman' Producer Responds To Johnny Depp Fans Pushing For Amber Heard's Firing From Sequel
4,https://www.youtube.com/watch?v=7iqqFEfT82Q,“She’s Untalented” Jason Mamoa speaks on Working with Amber Heard
5,https://www.youtube.com/watch?v=gECq8x8b6bo,10 Celebrities That Defended Johnny Depp Against Amber Heard
6,https://www.youtube.com/watch?v=ATf-o9qerTo,Amber Heard Was Never Going To Be Fired From Aquaman 2 Says Producer
7,https://www.youtube.com/watch?v=B9ZaUwfDvg4,Amber Heard’s Lawyer QUITS & EXPOSES Amber For Ruining Johnny Depp!?
8,https://www.youtube.com/watch?v=0AC2WEYclJs,Joe Rogan on Johnny Depp Being Fired From Pirates of the Caribbean
9,https://www.youtube.com/watch?v=siGE-fVUHG4,Disney Apologizes To Johnny Depp After This...
10,https://www.youtube.com/watch?v=wgfUsGLfPpQ,Johnny Depp Gets REVENGE On Amber Heard! HUGE WIN For Johnny Depp!
11,https://www.youtube.com/watch?v=wlh7AbYUfqk,Amber Heard Fired From Aquaman 2... Emilia Clarke Replaces Her As Mera?
12,https://www.youtube.com/watch?v=UMglys-ned8,Amber Heard FIRED & Faces 3 Years In Jail??!?!?  Huge Aquaman 2 News For Jason Momoa & Emilia Clarke
13,https://www.youtube.com/watch?v=GZNKlZu-i2o,Amber Heard Apologies to Johnny Depp after Losing ALL Her Movie Roles
14,https://www.youtube.com/watch?v=Y_UkrYDu-VA,"""It's Horrible"" Nicole Kidman's Reaction to Working with Amber Heard(VIDEO)"
15,https://www.youtube.com/watch?v=VzG4rT-BDEA,Amber Heard PSYCHOTIC in elevator James Franco drug dealer #JusticeforJohnnyDepp sorry Johnny Depp
16,https://www.youtube.com/watch?v=UCCh-zVJWCs,Celebrities That Defended Johnny Depp Against Amber Heard
17,https://www.youtube.com/watch?v=ShObyc9vqXM,Jason Momoa Speaks On Amber Heard Being Replaced From Aquaman 2!?
18,https://www.youtube.com/watch?v=YVPyBraRags,Jason Momoa Tells The TRUTH On Why Amber Heard Was FIRED From Aquaman 2!!
19,https://www.youtube.com/watch?v=l5dfRxlXrv0,Amber Heard Fired from Aquaman 2 Emilia Clarke to Replace Her
20,https://www.youtube.com/watch?v=5C9zA4nvo0U,Amber Heard FIRED from Aquaman 2 Because She's TOO FAT to Play Mera?!
21,https://www.youtube.com/watch?v=JxzqsYMneoE,"""Fans have Spoken"" Zack Snyder FIRES Amber Heard from Aquaman 2"
22,https://www.youtube.com/watch?v=Lj5J_fYLr8k,Amber Heard FIRED over donuts?! Aquaman 2 don’t want no plus size Mera?!
23,https://www.youtube.com/watch?v=u7EQYh2ScbE,Jason Momoa REACTS To #BoycottAquaman2 - Fans Want Amber Heard FIRED!!!
24,https://www.youtube.com/watch?v=0L_AkpaiTzs,Amber Heard FIRED?!?!  New Clues From Zack Snyder & Emila Clark Point To Aquaman 2 REMOVAL
25,https://www.youtube.com/watch?v=xFaa6c4iCHc,Jason Momoa Furiously Reacts to Amber NOT Being Fired for Aquaman 2
26,https://www.youtube.com/watch?v=Bu1uOt5Tyoc,Elon Musk Speaks Against Amber Heard & Defends Johnny Depp!!!
27,https://www.youtube.com/watch?v=1O9bRqmktNQ,AMBER HEARD REPORTEDLY FIRED FROM ANOTHER MOVIE ROLE (Latest Update)
28,https://www.youtube.com/watch?v=gV32lK43irI,Amber Heard FIRED?! Did Warner just BOOT her from Aquaman 2?! Johnny Depp vindicated?!
29,https://www.youtube.com/watch?v=Xlf58om_C9E,Aquaman 2 Producer Slams Johnny Depp Fans Over Pressure to Fire Amber Heard & says They Don't Care
30,https://www.youtube.com/watch?v=yW4n-_5knbI,The Hollywood Reporter Debunks Amber Heard Firing Rumor… Again
31,https://www.youtube.com/watch?v=dvc_HbwjIco,AMBER HEARD DESTROYED MY CAREER: Johnny Depp SPEAKS UP ON Losing His Acting Career | Celebrity Craze
32,https://www.youtube.com/watch?v=uvaEYwOjpjw,Amber Heard NOT Fired - Why She'll Return for Aquaman 2: The Lost Kingdom
33,https://www.youtube.com/watch?v=6-6bRaotgDg,Zack Snyder Speaks On Amber Heard´s Ban From All DC Movies!
34,https://www.youtube.com/watch?v=6EjpDSwKLAk,Why Warner Bros Completely REGRETS Hiring Amber Heard For Mera In Aquaman 2...
35,https://www.youtube.com/watch?v=pNm0n2G5LfM,Amber Heard Contract OFFICIALLY CANCELLED !?!(LATEST UPDATE)
36,https://www.youtube.com/watch?v=tZrnPp6q0-Q,Amber Heard Fired From Aquaman 2? | Johnny Depp Wins BIG!
37,https://www.youtube.com/watch?v=zX32wYaBflc,Disney Apologizes To Johnny Depp After Backlash/Firing Him!?!
38,https://www.youtube.com/watch?v=YFZVYrBojD0,Why Amber Heard to be Removed From the Cast of Aquaman 2 ??? Explained in Tamil
39,https://www.youtube.com/watch?v=1rHVlL8c2zg,Amber Heard POSTS PROOF of Aquaman 2 FIRING?! OOPS! She's BUSTED?!
40,https://www.youtube.com/watch?v=clAb4LQ5wic,FRIGHTENING Abuse! Aquaman 2 Supports LIAR Amber Heard!?
41,https://www.youtube.com/watch?v=pqRHZUPTZ0g,"""AMBER'S SHOCKED"" Amber Heard REACTS TO #FireAmberHeard Movement... (Aquaman 2) | Celebrity Craze"
42,https://www.youtube.com/watch?v=jcf3UwelNAc,Amber Heard Says NOBODY Will Hire Her For Movie Roles Because Of Petitions!
43,https://www.youtube.com/watch?v=rzD87uGjuq0,"""Why Me"" Amber Heard Reacts To Being REMOVED from Aqua Man 2"
44,https://www.youtube.com/watch?v=9J2EfAKeVgM,Amber Heard FIRED From Another Movie?
45,https://www.youtube.com/watch?v=m-FpnDJgJjk,Johnny Depp FIRED Fantastic Beasts 3 2022 - BREAKDOWN
46,https://www.youtube.com/watch?v=QJBfgFiTBaE,Amber Heard Reaction to being Fired from Aquaman 2 (Meme Edit)
47,https://www.youtube.com/watch?v=WLgXd5H6Q2A,Disney OFFICIALLY Apologizes To Johnny Depp After Firing Him!!!
48,https://www.youtube.com/watch?v=TJK8q0N5kA4,Amber Heard FIRED From Aquaman 2? Loses Bid To Stop Johnny Depp's Lawsuit!
49,https://www.youtube.com/watch?v=K-okrp92NLQ,Amber Heard OFFICIALLY Gets Replaced By Emilia Clarke In Aquaman 2!!!
50,https://www.youtube.com/watch?v=R74lQyLJmR8,Amber Heard FIRED From Aquaman 2 GOES VIRAL!! #JusticeForDepp
51,https://www.youtube.com/watch?v=hYXqDheAzfo,Emilia Clarke REPLACING Amber Heard In Aquaman 2?!
52,https://www.youtube.com/watch?v=cPZ_QfgHsnU,Jason Momoa Reveals Why Amber Heard Was Really Fired from Aquaman 2!
53,https://www.youtube.com/watch?v=YwTRIGLWxVc,Amber Heard FIRED from Aquaman 2 GOES WORLDWIDE! The World LOVES Depp!
54,https://www.youtube.com/watch?v=BKPZcUAhKhs,"""I WENT TOO FAR"" Amber Heard Apologises to Johnny Depp (IG LIVE VIDEO)"
55,https://www.youtube.com/watch?v=Fby6YdDEpFM,"""We're Sorry"" Disney Rehires Johnny Depp After Destroying Amber Heard in Court"
56,https://www.youtube.com/watch?v=UCCh-zVJWCs,Celebrities That Defended Johnny Depp Against Amber Heard
57,https://www.youtube.com/watch?v=NPqIDMlwYnI,What J.K. Rowling Reportedly Did After The Johnny Depp Firing
58,https://www.youtube.com/watch?v=C_EOhc0csKQ,Amber Heard Is Fired From Aquaman 2 Due To The Failure Of Gully
59,https://www.youtube.com/watch?v=OMwD6VEacx0,Amber Heard & L'Oréal - a rant
60,https://www.youtube.com/watch?v=n-pRwZrhhrI,Amber Heard FAILS IN COURT as her ATTACK is DENIED!
61,https://www.youtube.com/watch?v=eDswApK6vR8,Johnny Depp and Amber Heard Full Controversy Explained | Comicnity Hindi
62,https://www.youtube.com/watch?v=hQFFm_X2lps,Body Language Analyst REACTS to Amber Heard's CRINGE Deposition | Faces Episode 15
63,https://www.youtube.com/watch?v=h6ag6P31kbo,Emilia Clarke SPEAKS OUT About Replacing Amber Heard In Aquaman 2!!
64,https://www.youtube.com/watch?v=GWUMe-u9zKE,"""You Saved Me"" Johnny Depp Thanks His Supporters For Defending Him (VIDEO)"
65,https://www.youtube.com/watch?v=T9HDWowUdL4,Johnny Depp FIRED by WB and New Grindelwald Casting (தமிழ்)
66,https://www.youtube.com/watch?v=74bDLtT6Khw,10 Celebrities Who Defended Johnny Depp Against Amber Heard...
67,https://www.youtube.com/watch?v=1nLI4ahi6V4,Emilia Clarke SPEAKS OUT On Being Amber Heard's Replacement In Aquaman 2!!!
68,https://www.youtube.com/watch?v=nk62Q2ve1Ck,Amber Heard Makes CAREER ENDING Mistake She Will REGRET!!
69,https://www.youtube.com/watch?v=o_jG4sH9UGo,Memes To Support Johnny Depp
70,https://www.youtube.com/watch?v=f7Ac6DbbUM4,ONE MILLION People Want Amber Heard FIRED Off Aquaman 2?!
71,https://www.youtube.com/watch?v=TDMInEEWw0w,Amber Heard FIRED and Replaced By  Emilia Clarke for Aquaman 2?
72,https://www.youtube.com/watch?v=F3KPMsJVY88,Amber Heard HUGE BACKLASH! Causes DIRECTOR to turn COMMENTS off!
73,https://www.youtube.com/watch?v=jEpU3Mbayuw,"Amber Heard HIRED, Gina Carno FIRED!? HOLLYWOOD is CRAZY!"
74,https://www.youtube.com/watch?v=nkxYXN5fo2k,Joe Rogan On Johnny Depp Being Fired From Movies
75,https://www.youtube.com/watch?v=bw1utvnlU3A,Amber Heard FIRED From Aquaman 2 ?
76,https://www.youtube.com/watch?v=mmj6023H0Ik,Amber Heard Has Been Fired From Aquaman! (Justice For Johnny Depp)
77,https://www.youtube.com/watch?v=WzJD3RhAuI4,AMBER HEARD APOLOGIZES TO JOHNNY DEPP After Losing ALL Movie Roles | Celebrity Craze
78,https://www.youtube.com/watch?v=3quJX79Yjqg,"Amber Heard FIRED! ""Reduced Role"" or WORSE in Aquaman 2 IS HAPPENING"
79,https://www.youtube.com/watch?v=hN8bZmmZK_4,Johnny Depp Speaks on Why Amber Heard has Not Been Fired Yet!
80,https://www.youtube.com/watch?v=pZR2_v4UpgI,Amber Heard’s Lawyer EXPOSES Her For Ruining Johnny Depp
81,https://www.youtube.com/watch?v=waXKykBTrQI,"Judge finds Amber Heard GUILTY of LYING, FRAUD, MORE; and yet THIS?"
82,https://www.youtube.com/watch?v=59S6TOxsW3Q,"Amber Heard PROVOKING Depps Fans With ""Aquaman 2"" IG Post!"
83,https://www.youtube.com/watch?v=iT2Kiyt7-rk,Amber Heard on the Stand in Johnny Depp's Libel Case
84,https://www.youtube.com/watch?v=dCH3vk7Twvo,"""AMBER HEARD FIRED"" #FireAmberHeard Makes a Comeback Amid ‘Aquaman 2’ News | The Gossipy"
85,https://www.youtube.com/watch?v=uv_YvJNqMRA,Amber Heard NOT fired? Johnny getting Justice?
86,https://www.youtube.com/watch?v=Zkbp5MVZW14,Warner Brothers Wants To FIRE Amber Heard From Aquaman 2 NOW?!
87,https://www.youtube.com/watch?v=HCHSjEPo3Wg,Amber Heard Fired From Aquaman 2 Or Role Reduced? Rumors Say Maybe
88,https://www.youtube.com/watch?v=ilRT3XtX0Yc,AMBER HEARD finally FIRED from AQUAMAN 2!
89,https://www.youtube.com/watch?v=b8on3oR-N0o,Amber Heard Gets ROASTED On Her Birthday!
90,https://www.youtube.com/watch?v=1UiZdK_XoEk,Amber Heard is FIRED?! New documents and MORE!
91,https://www.youtube.com/watch?v=6qEgXqmSwl8,The Real Reason Amber Heard Could End Up Behind Bars
92,https://www.youtube.com/watch?v=BLs1btl4lD8,Johnny Depp vs. Amber Heard: Petition to Get Heard FIRED from Aquaman 2?!
93,https://www.youtube.com/watch?v=-LZOCa2HEsE,Will Amber Heard RUIN Aquaman 2?!? | #JusticeForJohnnyDepp Fans Call For Her to be FIRED!
94,https://www.youtube.com/watch?v=-Puv-V2NDXc,Jason Momoa Says HE HATES Working With Amber Heard!!! (IG LIVE)
95,https://www.youtube.com/watch?v=lDwQ5zpHMD0,"""We Were Wrong"" Disney Rehires Johnny Depp After Beating Amber Heard!"
96,https://www.youtube.com/watch?v=14SUI93R_k8,Jason Momoa Defends Amber Heard After Aquaman 2 Boycott
97,https://www.youtube.com/watch?v=cYNLwYG9Lck,Report: Amber Heard FIRED 2 Weeks Ago! Who Will Replace Her In Aquaman 2?
98,https://www.youtube.com/watch?v=xkVQgITE7zQ,'Remove Amber Heard From Aquaman 2' PETITION HAS OVER 1 MILLION SIGNATURES!
99,https://www.youtube.com/watch?v=YiC1UPMjBf4,Amber Heard Rumored To Have Been Fired From Aquaman 2 For Contract Breach
100,https://www.youtube.com/watch?v=AZhoFGHnsC4,BREAKING! Police BUST Amber Heard with Body Cams?! She's SO DONE?!
101,https://www.youtube.com/watch?v=ZYhqagUdvUk,🔴 Livestream Was Amber Heard Fired ? The Australia Incident Revisited.
102,https://www.youtube.com/watch?v=buVElkCX3Mg,Amber Heard Exposed By Her Lawyer For Ruining Johnny Depp
103,https://www.youtube.com/watch?v=sIFJP0A7ivY,Amber Heard FIRED from Aquaman 2 - SHE POOPS IN BEDS!
104,https://www.youtube.com/watch?v=wsoj6fGF8fQ,Johnny Depp got Fired and lost the Case | Shwetabh Gangwar
105,https://www.youtube.com/watch?v=sytCT8PW26k,"""She Flirts Her Way"" Emilia Clarke Reveals Why Amber Heard is not Fired Yet..."
106,https://www.youtube.com/watch?v=nf2AgE2eE8M,Amber Heard Replaced in Aquaman 2 with Emila Clarke!? - Reality or Rumor?!
107,https://www.youtube.com/watch?v=i562oRbXm-g,Emilia Clarke to REPLACE Amber Heard Aquaman 2; REAL or RUMOR?
108,https://www.youtube.com/watch?v=M3pSG8v3lEE,"Amber Heard's Apology Video - ""I Can't Go Behind Bars Now with A Child"" (IG LIVE)"
109,https://www.youtube.com/watch?v=itLIyM99u2U,AMAZING: Joe Rogan On Johnny Depp BEING FIRED From Movies & DEFENDS Him
110,https://www.youtube.com/watch?v=yr2MWMrT8yw,AMBER HEARD SHOCKED To Hear Elon Musk REGRETS DATING Her - Johnny Depp Lawsuit | Celebrity Craze
111,https://www.youtube.com/watch?v=OSGKKkhGa8Y,Amber Heard Caught LYING Again? Heard NOT Fired from Aquaman 2?!
112,https://www.youtube.com/watch?v=1xXFWBTxWAo,Aquaman 2 Emilia Clarke to Replace Amber Heard as Mera ??? In Tamil
113,https://www.youtube.com/watch?v=tmldxsN9-qQ,Aquaman 2: Amber Heard Fired From Aquaman 2 Rumors Debunked.
114,https://www.youtube.com/watch?v=8oiB_u4RDiM,"Amber Heard FULL Apology Video - ""This Has Gone Too Far""...!?"
115,https://www.youtube.com/watch?v=om-hzCNeIg0,Elon Musk and Amber Heard BOMBSHELL Texts REVEAL POSSIBLE AFFAIR!
116,https://www.youtube.com/watch?v=YFSUDD2uoz0,Jason Momoa DEFENDS Amber Heard AGAINST Johnny Depp!!!
117,https://www.youtube.com/watch?v=VsIi2Jk1UKo,MORE Celebrities Come Out Defending Johnny Depp Against Amber Heard *NEW EVIDENCE*
118,https://www.youtube.com/watch?v=SffKG2-KHTM,Jason Momoa Ripped the Last Pages Out of Amber Heard's Books on the Aquaman Set
119,https://www.youtube.com/watch?v=P5n4tYICpXU,Amber Heard FIRED from Aquaman 2 Weeks Ago | The Real Truth
120,https://www.youtube.com/watch?v=Ut40yEFetK8,10 Celebrities Who Defended Johnny Depp Against Amber Heard
121,https://www.youtube.com/watch?v=pLYxM0ztStg,"""I LIED"" Amber Heard Apologies to Johnny Depp (IG LIVE VIDEO)"
122,https://www.youtube.com/watch?v=KiKySpHchhk,YT burnout~Amber Heard Fired from Aqua-man~Lawyer Seeks Investigation against T.I. & Tiny
123,https://www.youtube.com/watch?v=zdCfaPt2OUo,"AMBER HEARD is OFFICIALLY Gone From Aqua Man 2, Here are 10 Celebs Who Warned Us..."
124,https://www.youtube.com/watch?v=im6VZEgN1yY,Was Amber Heard Fired From Aquaman 2 ??
125,https://www.youtube.com/watch?v=Gn-kEWSgX8w,Amber Heard Keeps 'Aquaman' Role As Johnny Depp Is Fired
126,https://www.youtube.com/watch?v=qRXSqkh4tyg,Amber Heard Sentenced To Prison *LIVE FOOTAGE*...!?
127,https://www.youtube.com/watch?v=CSz474fAAuk,Amber Heard NOT FIRED From Aquaman 2 & The DOUBLE STANDARD Is Sickening!
128,https://www.youtube.com/watch?v=ArdhfEpFUJs,Amber Heard TAUNTING Fans On Her Return To Aquaman 2!!
129,https://www.youtube.com/watch?v=_4O-YkH-ZYI,JOHNNY DEPP CONTROVERSY AQUAMAN 2 AMBER HEARD LEFTED_BATMAN 1ST TEASER BREAKDOWN IN TELUGU #Dctelugu
130,https://www.youtube.com/watch?v=FCc0V3MEcGc,Amber Heard Has Reportedly Been Fired As Mera From Aquaman 2 | Johnny Depp 2021
131,https://www.youtube.com/watch?v=DkRFRQA2nk8,Johnny Depp Speaks On Amber Heard Ruining Her Own Career
132,https://www.youtube.com/watch?v=Vjejpodph54,Amber Heard Sentenced In Court After Shocking Details Surface…
133,https://www.youtube.com/watch?v=WdMBTN9qEAo,Amber Heard Failed Her Physical Exam For Aquaman 2?
134,https://www.youtube.com/watch?v=ip3OBqUeGLk,Amber Heard's assistant tells her side of the story
135,https://www.youtube.com/watch?v=SMDzr-B-jLo,Why Amber Heard Should Be FIRED from Aquaman 2 RIGHT NOW
136,https://www.youtube.com/watch?v=XqdI8icEbDM,Amber Heard Gets DEMOLISHED.....
137,https://www.youtube.com/watch?v=TejkKG5gSRI,"""SHE'S TERRIBLE"" Jason Momoa REACTS To #FireAmberHeard - DEMANDS Amber Heard Fired | The HollyVibe"
138,https://www.youtube.com/watch?v=UNnaYinluKE,Amber Heard FIRED From Aquaman 2 & Replaced By Emilia Clarke?
139,https://www.youtube.com/watch?v=49OKr7OxZso,Justice For Johnny Depp! Amber Heard Fired From Aquaman 2?
140,https://www.youtube.com/watch?v=bGMXolMUXs8,Amber Heard Not Fired From Aquaman 2 – But Many Of Her Scenes Are Being Cut
141,https://www.youtube.com/watch?v=jixMI6Xfngw,"Amber Heard FIRED - A ""Keeping It Real"" Segment (THE RECKONING) Aquaman is saved! Let us rejoice!"
142,https://www.youtube.com/watch?v=YivS2yJZ_nk,Amber Heard faces 14 YEARS in JAIL as Depp WINS BIG! The LIES GOT HER!
143,https://www.youtube.com/watch?v=pFWVoEHcEjw,"Johnny Depp, Amber Heard React To Leaked Audio"
144,https://www.youtube.com/watch?v=e8dmEoyeuVk,BYE BYE Aquaman PAYDAY! Amber Heard FIRED by Warner Bros.?!
145,https://www.youtube.com/watch?v=_ysWKdXQok8,Johnny Depp and the internet vs Amber Heard
146,https://www.youtube.com/watch?v=I7GfS45bcwA,Emilia Clarke's Thoughts on Being Amber Heard's Replacement in Aquaman 2 | Flixet
147,https://www.youtube.com/watch?v=aVtuuRzoY98,Amber Heard is finally FIRED from Aquaman 2?!
148,https://www.youtube.com/watch?v=Jka1JsBBmCU,"""It's Horrible"" Jason Momoa Reaction to Working With Amber Heard (VIDEO)"
149,https://www.youtube.com/watch?v=GShctSD8HNg,10 Times Johnny Depp Tried To Warn Us About AH
150,https://www.youtube.com/watch?v=qg9H0_ulnCE,Amber Heard Replies To Johnny Depp Fans On Twitter
151,https://www.youtube.com/watch?v=iEH02w2IBs4,L'Oreal Is Getting Backlash For Praising Amber Heard In Recent Post
152,https://www.youtube.com/watch?v=bCk2xMs6j8M,"Celebrities DEFENDING Johnny Depp against Amber Heard (Elon Musk, Jason Momoa, Sia, Alice Cooper)"
153,https://www.youtube.com/watch?v=8-AE441SoHU,Real Reason Behind Johnny Depp & Amber Heard Divorce | Comicnity Hindi
154,https://www.youtube.com/watch?v=2-SG7glSkw4,Warner Brothers SNEAKY Way Of FIRING Amber Heard!
155,https://www.youtube.com/watch?v=PsGrwYsj6jg,WAS AMBER HEARD FIRED FROM AQUAMAN 2?! | Double Toasted Bites
156,https://www.youtube.com/watch?v=OyxW8CwGGY0,"Amber Heard FIRED Johnny Depp !! The Truth Behind Warner Brothers Decision, REVEALED !!"
157,https://www.youtube.com/watch?v=jM-JjUC6qOQ,"""AMBER'S CRAZY!"" Amber Heard's EX EXPOSES HER LIES about Johnny Depp! | Celebrity Craze"
158,https://www.youtube.com/watch?v=w6GoH8coDvk,Johnny Depp Fired by WB from Fantastic Beasts Franchise over Amber Heard
159,https://www.youtube.com/watch?v=W_pwqsdi3NY,[Urdu/Hindi] Amber Heard Out from Aquaman 2? Controversy Explained
160,https://www.youtube.com/watch?v=5vRd21X3K-k,Amber Heard Can't Stop Flirting With Jason Momoa (AQUAMAN)
161,https://www.youtube.com/watch?v=XjDgLno9gMg,Johnny Depp FIRED! Will Backlash Hurt Amber Heard's Aquaman 2 Role?
162,https://www.youtube.com/watch?v=wYiU3yOUx6w,Amber Heard REACTS To Being SENTENCED To 4 Years In Prison!
163,https://www.youtube.com/watch?v=a4E8XK5sUb0,Aquaman 2 Mera - Should Amber Heard be Fired?
164,https://www.youtube.com/watch?v=dJe8bl_BLDE,Amber Heard Faces Prison After This…
165,https://www.youtube.com/watch?v=Y_UkrYDu-VA,"""It's Horrible"" Nicole Kidman's Reaction to Working with Amber Heard(VIDEO)"
166,https://www.youtube.com/watch?v=coefnMLur9o,Amber Heard getting fired from Aquaman & DCEU?
167,https://www.youtube.com/watch?v=2L7aRcJpkDU,"Johnny Depp FIRED From Fantastic Beasts! | Forced To Resign, Amber Heard Still Employed!"
168,https://www.youtube.com/watch?v=CRkKDLCt1iA,Ezra Miller FIRED from The Flash?! Amber Heard is a FAKER?!
169,https://www.youtube.com/watch?v=1yuki8YG3xA,Rewarding abusive women: the Amber Heard story (wtf is this?)
170,https://www.youtube.com/watch?v=n1O2kbHbEH0,"Not Fired Amber Heard Teases Aquaman 2 but Johnny Depp, Marilyn Manson & Timothy Hutton Get Fired"
171,https://www.youtube.com/watch?v=J4GaUjqN1lA,Aquaman 2 Major Update on Amber Heard Firing
172,https://www.youtube.com/watch?v=QdVsTIniocQ,Amber Heard FULL Apology Video: This Has Gone Too Far
173,https://www.youtube.com/watch?v=u29utCOg6dM,OFFICIAL: Amber Heard in Aquaman 2 - But Idiot DC Fans Mad Keaton's Replacing Ben Affleck
174,https://www.youtube.com/watch?v=dgGwszxjKEs,Amber Heard Hired Private Eye And It Massively Backfired
175,https://www.youtube.com/watch?v=ltUhhEfEysk,Jason Momoa’s Relationship With Amber Heard Is Weird…
176,https://www.youtube.com/watch?v=ChF9BrIj3Ro,FANS BLAST THE WB FOR NOT FIRING AMBER HEARD ON TWITTER !
177,https://www.youtube.com/watch?v=nGGK9GRby78,Amber Heard FIRED! Yes! ...or another false alarm?
178,https://www.youtube.com/watch?v=j9S93hEuEhk,Amber Heard Fired From Aquamam 2' Following Divorce Controversy?
179,https://www.youtube.com/watch?v=ueDJ4eAty0Y,Amber Heard Fired From Aquaman 2 Rumors Debunked
180,https://www.youtube.com/watch?v=RevqoMt3zZM,Inside Sources Claim Amber Heard Was Officially Fired From Aquaman 2 #JusticeForJohnny?!?!?!
181,https://www.youtube.com/watch?v=al07kyPdM78,Judge Has Officially Sentenced Amber Heard In US Court...
182,https://www.youtube.com/watch?v=n0wPLkTUI-o,"Amber Heard Shares Her Hopes For #MeToo, 'Aquaman' Character | EXTENDED"
183,https://www.youtube.com/watch?v=WGeis_jUAsc,"Amber Heard DROPS Johnny Depp's SISTER Info! REVEALS NUMBERS, ADDRESSES and MORE?! | Celebrity Craze"
184,https://www.youtube.com/watch?v=CgA2iLului4,"""AMBER'S SHOCKED"" AMBER HEARD JUST LOST IN COURT - ADMITS Johnny Depp WAS RIGHT | Celebrity Craze"
185,https://www.youtube.com/watch?v=81RDgeuVn_g,Is Amber Heard REALLY STILL In Aquaman 2 After Recent Charges?!
186,https://www.youtube.com/watch?v=CTV1r8XIqCM,"""FIRE AMBER HEARD"" #FireAmberHeard Makes a Comeback Amid ‘Aquaman 2’ News | Celebrity Craze"
187,https://www.youtube.com/watch?v=BKHLUMnCPTw,Judge ENDS Amber Heard - Johnny Depp Amber Heard Lawsuit UPDATE
188,https://www.youtube.com/watch?v=tdXBUL9WunQ,Johnny Depp FINALLY Speaks On How Amber Heard Tried To Ruin Him
189,https://www.youtube.com/watch?v=NiLjGbHxNFQ,"Amber Heard NOT FIRED - A ""Keeping It Real"" segment (we got it wrong) correcting DRAMA (debunked)"
190,https://www.youtube.com/watch?v=UeAiWcTkaqo,Amber Heard Reportedly Fired From ‘Aquaman’ For Reasons Unrelated to Depp
191,https://www.youtube.com/watch?v=ahdsps9rCZs,Amber Heard NOT FIRED From Aquaman 2
192,https://www.youtube.com/watch?v=wxAWHNNfro4,"""YOU'RE LYING"" Johnny Depp’s Lawyer REVEALS THIS QUESTIONING Amber Heard | Celebrity Craze"
193,https://www.youtube.com/watch?v=B4zccr0Kg_o,"""AMBER NEEDS TO BE STOPPED"" Johnny Depp fans UNITE against Amber Heard | Celebrity Craze"
194,https://www.youtube.com/watch?v=Dvh09e0TPJ4,Amber Heard REPLACED in the AQUAMAN 2 Movie?!
195,https://www.youtube.com/watch?v=YuMjeem78d8,Meaning of No Way Home? Amber Heard Fired? White Vision! - Escape Pod Podcast 2/28/21
196,https://www.youtube.com/watch?v=M2dmoT8Lscc,"""SERIOUSLY AMBER?"" Amber Heard Drops 10 Years of Johnny Depp’s Personal Info | The Gossipy"
197,https://www.youtube.com/watch?v=o2JU4-j6mmQ,Amber Heard - FIRED!
198,https://www.youtube.com/watch?v=pueTfFnZYt4,Amber Heard: Petition to Remove From 'Aquaman 2' Nears 2 Million Mark | Flixet
199,https://www.youtube.com/watch?v=DvLb__Rl4Lg,Why Amber Heard Will Be Fired From Aquaman (Johnny Depp and Amber Heard Rumors)
200,https://www.youtube.com/watch?v=xKqNcR9T9M0,THIS BIG REVEAL Could Win Johnny Depp Court Case Against Amber Heard | Celebrity Craze
201,https://www.youtube.com/watch?v=r3Vl9T_tkaQ,Amber Heard DROPPED By Her Legal Team! Also BUSTED Faking Activism & More
202,https://www.youtube.com/watch?v=jnUHvaBQ5Ng,"""FIRE AMBER"" Warner Brothers Wants To FIRE Amber Heard From Aquaman 2 NOW | The Gossipy"
203,https://www.youtube.com/watch?v=Od9QOOg_3es,Amber Heard “FIRED!” Clickbait! Click at your own Risk!
204,https://www.youtube.com/watch?v=1GphbMhDbeo,Amber Heard Is OFFICIALLY Replaced By Emilia Clarke In Aquaman 2!
205,https://www.youtube.com/watch?v=CXIpK5stgyo,Aquaman 2: Fans are asking for Amber Heard to be fired with a petition?! #shorts #youtuneshorts
206,https://www.youtube.com/watch?v=xes1-yA9wr0,"""AMBER'S DONE!"" Amber Heard Lawyers QUIT and Expose Her Lies | Celebrity Craze"
207,https://www.youtube.com/watch?v=XReXNry04ik,Warner Bros EXPOSED after Depp FIRING! Millions BOYCOTT Harry Potter!
208,https://www.youtube.com/watch?v=4mbv0fcpcFo,Amber Heard Fired From Upcoming Aquaman 2 Movie Featuring Jason Momoa
209,https://www.youtube.com/watch?v=EzJcGf66CmY,Amber Heard Tweets About Aquaman 2 & Is Still NOT FIRED for Domestic Abuse
210,https://www.youtube.com/watch?v=B9MtG3e1ubw,"""Amber Slept Her Way To The Top"" Emilia Clarke Reveals How Amber Heard Got The Part In Aquaman!"
211,https://www.youtube.com/watch?v=lsdDSGMXZHc,Johnny Depp Reacts To Amber Heard Being In Aquaman 2
212,https://www.youtube.com/watch?v=4ThDqUtRazo,RUMOR! Amber Heard Fired from AQ2? // a friend or foe opinion
213,https://www.youtube.com/watch?v=T0ExWB6-k0w,Amber Heard Fired from Aquaman 2 | SUBSCRIBE
214,https://www.youtube.com/watch?v=gEfWUbRfFR8,How Amber Heard Destroyed Her Own Career
215,https://www.youtube.com/watch?v=WuE63Ohof8E,Amber Heard Actually Been Fired From Aquaman 2 ?
216,https://www.youtube.com/watch?v=bJd8JENbnFw,AMBER HEARD SHOCKED as Baby Daddy ELON MUSK IS SUED For Billions | Celebrity Craze
217,https://www.youtube.com/watch?v=YQ0065skEN4,Amber Heard Fired From 'Aquaman 2' Following Divorce Controversy?
218,https://www.youtube.com/watch?v=Inviy0-5Sf0,EXCLUSIVE Amber Heard HASN'T Been Fired From Aquaman 2  - But Many Of Her Scenes Are Being Cut
219,https://www.youtube.com/watch?v=VftdxKogMZE,HAS AMBER HEARD ACTUALLY BEEN FIRED FROM AQUAMAN 2 ? HERE'S THE LATEST
220,https://www.youtube.com/watch?v=QClMDEIG0U8,Kaun hai Amber Heard | Amber Heard fired from 02 movies
221,https://www.youtube.com/watch?v=aa8qCDzlArM,Johnny Depp Fans Rally Against Amber Heard After ‘Aquaman 2’ Title Reveal | Celebrity Craze
222,https://www.youtube.com/watch?v=KZqZPMYDhlY,Amber Heard and Ezra Miller Won't be Fired | Movies Update
223,https://www.youtube.com/watch?v=HbdltSpLAcM,*NEW* AQUAMAN 2 MOVIE-AMBER HEARD FIRED!
224,https://www.youtube.com/watch?v=_EMvEHXsWoo,Amber Heard Confims She Will be Returning for Aquaman 2 |  Movies Update
225,https://www.youtube.com/watch?v=lGbPKZrs368,"""AMBER GETS BETRAYED"" Amber Heard Lawyers Leaked Information to Johnny Depp | The Gossipy"
226,https://www.youtube.com/watch?v=wsO0KLDe530,Amber Heard in Aquaman 2 ? |  Movies Update
227,https://www.youtube.com/watch?v=0lkPpgVPNeM,THIS IS WHY Johnny Depp GOT FIRED From Disney. The Amber Heard Drama Continues. | The Gossipy
228,https://www.youtube.com/watch?v=VeZZ9EWb_uA,Very Bad News For Amber Heard | Officially Removed From Aquaman 2?
229,https://www.youtube.com/watch?v=ADNQY92P0qw,Audio Leak: Was Johnny Depp Hurt By Ex-Wife Amber Heard? | Rumour Juice
230,https://www.youtube.com/watch?v=pB8jpj4srvE,Aquaman 2 facing INSTANT REGRET! Amber Heard seriously damaging films hype and potential box office!
231,https://www.youtube.com/watch?v=MuawpK3jN7w,AMBER HEARD FIRED FROM AQUAMAN 2?  WE DID IT?
232,https://www.youtube.com/watch?v=TiW2Xpu1wPc,Johnny Depp Speaks On Amber Heard Ruining Her Own Career
233,https://www.youtube.com/watch?v=NSEI080rX-Y,Johnny Depp Is FIRED From Hollywood
234,https://www.youtube.com/watch?v=PC3WoZjEObY,Johnny Depp Gets GREAT News & Media Reports 1.5 MILLION People Want Amber Heard Fired From Aquaman 2
235,https://www.youtube.com/watch?v=lHy1ORGQ0xM,Is Amber Heard an abuser?
236,https://www.youtube.com/watch?v=I2hsmifH7oo,Johnny Depp Wants Amber Heard Sanctioned!
237,https://www.youtube.com/watch?v=VJWhl3e9SIk,Amber Heard lost her role in Aquaman 2
238,https://www.youtube.com/watch?v=YAJbYhL-VOM,The Real Reason Johnny Depp Was Fired from Pirates Of the Caribbean..
239,https://www.youtube.com/watch?v=AKwLkrv1uAo,#shorts #AmberHeard Fired from Aquaman 2
240,https://www.youtube.com/watch?v=w1W3j_Kk2N0,Gal Gadot Wants to Work With Amber Heard
241,https://www.youtube.com/watch?v=gQpr2HIXABs,DCEU Update - JJ Abrams Rebooting Superman - Amber Heard FIRED from Aquaman 2??
242,https://www.youtube.com/watch?v=Cg9SvQSMnoE,Johnny Depp & Amber Heard:  Abuser Amber tells Johnny nobody will believe him! NEW UNCENSORED AUDIO!
243,https://www.youtube.com/watch?v=FjWYJpq6X8A,Amber Heard Was Not Fired From Aquaman 2
244,https://www.youtube.com/watch?v=7-yz2IP_knA,The Real Reason Why Amber Heard Is Lying
245,https://www.youtube.com/watch?v=fUSSohLC2Do,AMBER HEARD REPORTEDLY FIRED FROM ANOTHER MOVIE ROLE (Latest Update)
246,https://www.youtube.com/watch?v=g2W3OT_IAA4,Amber Heard Did NOT Get Fired From Aquaman 2 Over #JusticeForJohnnyDepp | Fake News For Clicks
247,https://www.youtube.com/watch?v=FX2lqWJPEic,"""AMBER'S CRAZY"" Amber Heard's EX EXPOSES HER LIES about Johnny Depp | The HollyVibe"
248,https://www.youtube.com/watch?v=2SRs2mxIbyw,Amber Heard Fired From Jason Momoa's 'Aquaman 2
249,https://www.youtube.com/watch?v=8QKpgDmKaVA,Amber Heard Fired From Aquaman 2|Amber Heard Removed From Aquaman 2|Aquaman 2 Cast Mera|
250,https://www.youtube.com/watch?v=T3K5U8LKaf4,Johnny Depp REACTION to Amber Heards Apology Video
251,https://www.youtube.com/watch?v=rTI5S2XevC4,Emilia Clarke Speaks Out on Being Amber Heard's Replacement In Aquaman 2 | Bluff Central
252,https://www.youtube.com/watch?v=W6lcr72P4Ys,Why Is Johnny Depp So Pissed!? Is Amber Heard Really Fired From Aquaman 2?
253,https://www.youtube.com/watch?v=c5SkTaaUbIU,Amber Heard Responds To Losing ALL Movie Roles...
254,https://www.youtube.com/watch?v=qXcMKeH42cc,#IStandWithVic Amber Heard firing reaction video
255,https://www.youtube.com/watch?v=dbCkHL07W88,CONFIRMED? - Amber Heard NOT FIRED from Aquaman 2 as Mera?
256,https://www.youtube.com/watch?v=KByD2HZ2aN4,Amber Heard CAUGHT Lying Under Oath! - GREAT News For Johnny Depp
257,https://www.youtube.com/watch?v=B9HjlNUlodE,Amber Heard Insults Jason Momoa! Sarcasm Gone Wrong!
258,https://www.youtube.com/watch?v=DQFmjNNEaAY,Has Amber Heard Been Fired From Aquaman 2? | Small Screen Stories
259,https://www.youtube.com/watch?v=IrMhJbXc8FM,JOHNNY DEPP vs AMBER HEARD ~ TAROT READING! DEPRAVITY SERIES PART 4
260,https://www.youtube.com/watch?v=CPEStm23I_k,"Amber Heard Claps Back at Petitions to Have Her Fired From ‘Aquaman 2,’ Confirms Her Return to the F"
261,https://www.youtube.com/watch?v=Y9wJrXvVLZY,¿AMBER HEARD DESPEDIDA DE AQUAMAN 2?
262,https://www.youtube.com/watch?v=tybOcw3gQzc,Amber Heard Facing 10 Years In Prison For Fake Johnny Depp Accusations!?
263,https://www.youtube.com/watch?v=be_pSbXxMyY,"Amber Heard, Has She Been Fired or Not?"
264,https://www.youtube.com/watch?v=FuJta2sFLmo,PROOF Amber Heard IS A MONSTER! ATTACKING Johnny Depp's DEAD MOM!
265,https://www.youtube.com/watch?v=j0R_mHmRnC8,Disney DESTROYS Amber Heard for THREATENING TO SUE over Depp! Career DONE!
266,https://www.youtube.com/watch?v=TybMtfkkq3c,Amber Heard Confirms Her Return as Mera in Aquaman 2 | Should She Be Fired?
267,https://www.youtube.com/watch?v=QQ4OVWGMAXk,AMBER HEARD IS DONE - Aquaman 2 ACTORS HATED Filming With Amber - Support Depp | Celebrity Craze
268,https://www.youtube.com/watch?v=jhkxQZYGrUM,"""JOHNNY'S THE FATHER"" Johnny Depp REACTS To Amber Heard’s New BABY DAUGHTER | Celebrity Craze"
269,https://www.youtube.com/watch?v=rcR6WmGLm04,Will Amber Heard Be FIRED From Aquaman 2?
270,https://www.youtube.com/watch?v=vuaPocUUSNM,"""FIRE AMBER HEARD"" #FireAmberHeard Makes a Comeback Amid ‘Aquaman 2’ News | The HollyVibe"
271,https://www.youtube.com/watch?v=uLadIQQByIY,Amber Heard sliced off Johnny Depp’s finger; may be fired from Aquaman 2
272,https://www.youtube.com/watch?v=4UVht9fGJxY,"Amber Heard Shuts Down ""Aquaman 2"" Dismissal Rumors | E! News"
273,https://www.youtube.com/watch?v=3beBArjSd60,Amber Heard Lawyers QUIT And Say That She Never Stood a Chance (INTERVIEW)
274,https://www.youtube.com/watch?v=fjUUCA_qsaE,Amber Heard Fired LOL #finalfantasy7 #finalfantasy7remake
275,https://www.youtube.com/watch?v=MBQGRxdwEGU,Johnny Depp Controversy Get Amber Heard Fired From AQUAMAN 2? [Explained In Hindi]
276,https://www.youtube.com/watch?v=j94ckfo6DnU,Amber Heard Desperately Tries To Get Lawsuit Dropped & MGM BURIES Depp Movie
277,https://www.youtube.com/watch?v=RsHkJ4uDnrE,AMBER HEARD SHOULD BE FIRED. EMILIA CLARK SHOULD BE MERA IN AQUAMAN 2! SIGN THE PETITION!
278,https://www.youtube.com/watch?v=na1LFBQXlDY,A million plus fans want Amber Heard Fired. Why is she still here?!?
279,https://www.youtube.com/watch?v=NfOaNcuySr4,"It's time to say Goodbye... Ryan Reynolds, Johnny Depp Amber Heard Emails, & Today's News"
280,https://www.youtube.com/watch?v=lNWkaHKhGl4,The Nailsin Ratings:Amber Heard Fired From Aquaman 2?!
281,https://www.youtube.com/watch?v=GTBViCugHYI,Amber Heard Admits to Being Abusive
282,https://www.youtube.com/watch?v=WAYyX6DSHyM,Amber Heard has been fired from ‘Aquaman’ due to contract violations
283,https://www.youtube.com/watch?v=V_0aR4eLLDI,"""She Manipulates People"" Celebrities DEFENDING Johnny Depp Against Amber Heard"
284,https://www.youtube.com/watch?v=zP_tT3u_tk4,Amber Heard Has Allegedly Fired From Aquaman 2 | Aquaman Star Fired #amberheard #aquamanstarfired
285,https://www.youtube.com/watch?v=qF289VHHLSI,Amber Heard Had ELON MUSK'S BABY - SHOCKING PROOF Johnny Depp WAS RIGHT | The Gossipy
286,https://www.youtube.com/watch?v=i3A6FyX8frQ,Will Amber Heard Be The Worst Mother In Hollywood? | Rumour Juice
287,https://www.youtube.com/watch?v=FCJEo-3nxBQ,Amber Heard FIRED From Aquaman 2? + Mocking On Twitter!
288,https://www.youtube.com/watch?v=6oI2Zaf1Sec,“AMBER’S GUILTY” Celebrities EXPOSE Amber Heard’s Rise To Fame - Jason Mamoa | Celebrity Craze
289,https://www.youtube.com/watch?v=YOoV7YHqdhs,The Nailsin Ratings   Amber Heard Fired From Aquaman 2?!
290,https://www.youtube.com/watch?v=PYXp9wXHUWw,Emilia Clarke REACTION Before Replacing Amber Heard in Aquaman 2!
291,https://www.youtube.com/watch?v=sLtnO0MePVs,Amber Heard Reacts To Being Fired From Aquaman 2
292,https://www.youtube.com/watch?v=jvJHCW9PPGY,Ezra Miller & Amber Heard Not Fired?
293,https://www.youtube.com/watch?v=R_WOylGwJrk,Johnny Depp And Amber Heard Case OFFICIALLY Cancelled...
294,https://www.youtube.com/watch?v=h0FiRZaq-pc,"""SHE'S HORRIBLE"" Jason Momoa Reaction to Working With Amber Heard (VIDEO) | The HollyVibe"
295,https://www.youtube.com/watch?v=qRjKDWj7j0Q,The Real Reason Hollywood Won't Cast Amber Heard
296,https://www.youtube.com/watch?v=FfI-1Y7ijYE,How Did Johnny Depp Lose To Amber Heard?! - A Lawyer Reacts to Shocking Libel Verdict for The Sun
297,https://www.youtube.com/watch?v=b8Iv0fXIkX8,"""SHE'S GONE"" Amber Heard leaves 'Aquaman 2' fans excited AFTER THIS | Celebrity Craze"
298,https://www.youtube.com/watch?v=dyqPEVAfigo,"Will Amber Heard Hurt the Aquaman 2 Box Office, Or Not?"
299,https://www.youtube.com/watch?v=bUJTw20Qtkg,"Celebrities Apologizing For Defending Amber Heard! (Elon Musk, Jason Momoa, etc.)"
300,https://www.youtube.com/watch?v=NxTyUHCH-Vg,THIS IS WHY Warner Brothers REGRETS Hiring Amber Heard For Aquaman 2 - Johnny Depp | Celebrity Craze
301,https://www.youtube.com/watch?v=9WqHiQWOs2A,Why Johnny Depp Was Fired But Amber Heard Wasn't???
302,https://www.youtube.com/watch?v=xW9MrBIPEBM,"Amber Heard Fired From Aquaman 2 For Being Fat, Failing Physical And Petition At 1.8 Million"
303,https://www.youtube.com/watch?v=j_XOf43VV8w,Amber Heard's Lawyers QUIT & Expose Her (INTERVIEW)
304,https://www.youtube.com/watch?v=49sbQzoZ2n8,Amber Heard Hit By Rumours She's Been 'fired From Aquaman 2' After ...
305,https://www.youtube.com/watch?v=g7QY3uedq5k,Amber Heard Speaks On Being SENTENCED To 4 Years In Prison!
306,https://www.youtube.com/watch?v=Zv0rpS9rNg8,Was Amber Heard Fired from Aquaman 2?
307,https://www.youtube.com/watch?v=SkvoYGvnG2Q,Why Is Johnny Depp So Pissed!? Is Amber Heard Really Fired From Aquaman 2?
308,https://www.youtube.com/watch?v=3Vywz8T4_M4,8 Times Johnny Depp Tried To WARN Us About Amber Heard!!
309,https://www.youtube.com/watch?v=i5Yig0_vVZA,Rumour Amber Heard Fired From Aquaman 2    Emilia Clarke Replaces Her As
310,https://www.youtube.com/watch?v=fTIscrsKog4,Amber Heard in 'Pirates of the Caribbean 6' INSTEAD of Johnny Depp?!
311,https://www.youtube.com/watch?v=NxmGSt46aMk,Amber Heard Be Fired From Aquaman 2 || One Million Signatures Demand That || Actress Responds
312,https://www.youtube.com/watch?v=yH7iqjrBWm0,Amber Heard's BIGGEST MISTAKE WRECKS her! She NEVER saw it coming!
313,https://www.youtube.com/watch?v=92d5OKc242M,Amber Heard DEMANDS New Judge After Johnny Depp's BIG Win!!! (ACLU DONATIONS)
314,https://www.youtube.com/watch?v=YciJShla-Wc,Amber Heard Shocking NEWS!! Why NOT she is Being Fired by Warner Bros
315,https://www.youtube.com/watch?v=FDht9TnIX4A,“STOP AMBER!” Amber Heard BEGS Judge To Dismiss Lawsuit | Celebrity Craze
316,https://www.youtube.com/watch?v=8rC2wobZvS8,Amber Heard isn't getting fired from Aquaman!
317,https://www.youtube.com/watch?v=6KiSFqtD3UM,Hollywood BEGS Johnny Depp To Drop Suit On Amber Heard
318,https://www.youtube.com/watch?v=74WE_PbfAfE,Amber Heard VS Emilia Clarke | Who will be Fit as Mera in Aquaman 2
319,https://www.youtube.com/watch?v=KJQ-pV2Iubo,"""AMBER'S GOING TO JAIL"" Amber Heard REACTS TO Being SENTENCED To 4 Years In Prison | Celebrity Craze"
320,https://www.youtube.com/watch?v=I5F-bupyNyQ,Amber Heard Fired From Aquaman 2 Rumor Has Been Debunked
321,https://www.youtube.com/watch?v=C8eI14tE_Yw,Amber Heard & the Double Standards Against Johnny Depp
322,https://www.youtube.com/watch?v=e4Ch2qSFwiA,“AMBER STUNNED!” JUDGE WARNS Amber Heard NOT TO “WASTE” Court’s Time AFTER THIS | Celebrity Craze
323,https://www.youtube.com/watch?v=530pbPyLAUk,Celebrities React to Amber Heard Still Being in Aquaman 2
324,https://www.youtube.com/watch?v=5iVs0VfiuU4,"Amber Heard FULL Apology Video - ""I Just Wanted To Be Heard"""
325,https://www.youtube.com/watch?v=iWhliSTSTpU,Top 10 Reasons Amber Heard Was Cancelled
326,https://www.youtube.com/watch?v=L-3o0KBp4ow,Rumor Has It Amber Heard Was Fired From ‘Aquaman 2’ — but Is It True
327,https://www.youtube.com/watch?v=hDI5y8no2_U,Amber Heard PANICS As Her WITNESSES CRACK And WANT OUT | Celebrity Craze
328,https://www.youtube.com/watch?v=Ls5Ybqj83iI,"""AMBER'S GOING TO JAIL FOR 15 YEARS"" FBI Director To Amber Heard - Johnny Depp WON | The Gossipy"
329,https://www.youtube.com/watch?v=gO0iUemV6FQ,Amber Heard SUPPORTERS FINALLY GIVING UP Is it FINALLY GAME OVER
330,https://www.youtube.com/watch?v=2g0cvZ5n6nQ,Terrible News For Amber Heard....
331,https://www.youtube.com/watch?v=VaI6xboZaow,Amber Heard's FRIENDS TESTIFY AGAINST HER! Side w/ Johnny Depp | Celebrity Craze
332,https://www.youtube.com/watch?v=v4SF8LOUUd8,Ex-Assistant says Amber Heard made EVERYTHING up! Johnny Depp vindicated?!
333,https://www.youtube.com/watch?v=LWaThEvgDK4,What's going on with Amber Heard and Aquaman 2?
334,https://www.youtube.com/watch?v=xF1yyij4FAA,Amber Heard SPEAKS OUT On Losing All Movie Roles!!!
335,https://www.youtube.com/watch?v=iJcklA6m-gE,Amber Heard Lands A Role In NEW AVENGERS Movie 2022…!? (Johnny Reacts)
336,https://www.youtube.com/watch?v=0PDsoKxeOso,Amber Heard cute❤️❤️❤️#shorts
337,https://www.youtube.com/watch?v=O9IELHufz4A,Jason Momoa Speaks - Amber Heard Being Replaced From Aquaman 2!?
338,https://www.youtube.com/watch?v=4pJIn3kbM9w,Elon Musk Jason Momoa and other Celebrities APOLOGIZING for Defending Amber Heard | Celebrity Craze
339,https://www.youtube.com/watch?v=O3DBFiOw_mk,"Johnny Depp & Amber Heard Abuse Claims: Amber ""just lost it"" so Johnny LOST A FINGER! NEW EVIDENCE!!"
340,https://www.youtube.com/watch?v=IOyd7W67f0c,Gully | Official Trailer | Amber Heard
341,https://www.youtube.com/watch?v=GyaAEDKI7gY,Did Elon Musk and Amber Heard Cause JOHnny Depp's firing by Disney?
342,https://www.youtube.com/watch?v=-elJS12UOnI,AMBER HEARD Coming to the MCU as Sue Storm in FANTASTIC FOUR?!
343,https://www.youtube.com/watch?v=XVL4Bn3uLxs,Johnny depp amber heard newest voice recording and ambers deposition 17 . 3 . 2020
344,https://www.youtube.com/watch?v=EbsoSWcna6I,Amber Heard Files NEW Papers Firing New Insults and Slurs! | Garbage Human Being!
345,https://www.youtube.com/watch?v=sg-mTqoPfdg,Johnny Depp FIRED From Fantastic Beasts 3?! Amber Heard REMAINS Unaffected!
346,https://www.youtube.com/watch?v=LLGy12mrV1Q,Amber Heard Funny moments ||  Funny moments of amber heard
347,https://www.youtube.com/watch?v=FOYAyE3XL58,10 Celebrities That Tried To Warn Us About Amber Heard
348,https://www.youtube.com/watch?v=MVzPWyHY0DE,Aquaman 2 Amber Heard Fired!
349,https://www.youtube.com/watch?v=toLmIt71chI,Amber Heard hit by rumours she's been 'fired from Aquaman 2'
350,https://www.youtube.com/watch?v=P5k5mHmSLyA,Should We Stop Criticizing Amber Heard’s Friends?
351,https://www.youtube.com/watch?v=wcMZqA_RnVU,amber heard fired Aquaman 2 I wanted a real story
352,https://www.youtube.com/watch?v=JBRHaavxRbw,Amber Heard and Henry Cavill's secret relationship? Johnny Depp apparently didn't know about this! 😂
353,https://www.youtube.com/watch?v=WWezsWF_Rok,Amber Heard Not Fired From 'Aquaman 2' Despite Pressure From Johnny Depp Fans To Get Her Axed From F
354,https://www.youtube.com/watch?v=3_1qn0BbsWo,"""FIRE AMBER"" Hollywood STANDS w/ JOHNNY DEPP - Calls For WB To Fire Amber Heard | Celebrity Craze"
355,https://www.youtube.com/watch?v=IWrqeI-2Vp8,AMBER CHEATED ON JOHNNY - Proof Amber Heard Cheated On Johnny Depp With Elon Musk | Celebrity Craze
356,https://www.youtube.com/watch?v=09EbexAQAT8,‘Aquaman 2’ Producer Confirms Amber Heard Will Not Be Removed From Film
357,https://www.youtube.com/watch?v=VLycMbLwlTA,REMOVE Amber Heard from AQUAMAN 2 UPDATE!
358,https://www.youtube.com/watch?v=oDiMosnYMU4,Team Amber Heard THREATEN TO SUE Youtubers to PROTECT THEIR Depp LIES!
359,https://www.youtube.com/watch?v=pOcKhJPOv3g,Amber Heard's Lawyer QUITS the CASE | Flixet
360,https://www.youtube.com/watch?v=Tinog6TfycY,"Amber Heard Getting a Solo Mera Film!? After Firing Johnny Depp, is Warner Brothers Doubling Down?!"
361,https://www.youtube.com/watch?v=yyqmP554g-c,Solving a Rubik's cube everyday until Amber Heard gets Fired - Day 28
362,https://www.youtube.com/watch?v=t6HlxXi2wuo,Solving a Rubik's cube everyday until Amber Heard gets Fired - Day 27
363,https://www.youtube.com/watch?v=F1EyVBy8HUg,"WandaVision Ep. 8, Amber Heard fired rumors, Cameo's favorite Kung Fu Movies and More!"
364,https://www.youtube.com/watch?v=V41aiJW9H3w,Star Wars SHUTS DOWN Rumors On Amber Heard's New Role...
365,https://www.youtube.com/watch?v=0EnWvkLrBo0,Aquaman 2 Producer Peter Safran Defends Amber Heard & Slams Johnny Depp Supporters
366,https://www.youtube.com/watch?v=2HnmzNUOI6U,"James Charles EXPOSED AGAIN, Amber Heard FIRED From Aquaman? Nikocado Avocado GOES OFF"
367,https://www.youtube.com/watch?v=C2X61mvTOH0,Amber Heard Furious At Johnny Depp For Releasing New Evidence | The Gossipy
368,https://www.youtube.com/watch?v=GWewiy7VZT4,JOHNNY DEPP FIRED FROM FANTASTIC BEASTS FRANCHISE?! | Double Toasted
369,https://www.youtube.com/watch?v=blz_gh8ppKo,RUBY ROSE RETURNING AS BATWOMAN??? AMBER HEARD FIRED FROM WARNER BROS???
370,https://www.youtube.com/watch?v=SwZld2O9BoU,Amber Heard Replaced By This Actress In Aquaman 2?
371,https://www.youtube.com/watch?v=RncTRoujIRs,Amber Heard Reportedly Fired From 'Aquaman 2'
372,https://www.youtube.com/watch?v=CLBRHMEWbdk,7 Actresses Who Could Replace Amber Heard as Mera in Aquaman 2
373,https://www.youtube.com/watch?v=uOr94ZQJNGo,Amber Heard loses Her Role in her Upcoming Movie. Guess Why... #amberheard | EP 288
374,https://www.youtube.com/watch?v=t2YpR8W1ESc,"""Please..."" Ellen Degeneres Reacts to Loosing Her Show!"
375,https://www.youtube.com/watch?v=QCLs9JrIP-Y,"""No Thanks Amber"" AMBER HEARD HATES TAKING SELFIES? | The HollyVibe"
376,https://www.youtube.com/watch?v=WT06SHweShM,Was HEARD Fired From Aquaman 2? Is Warner Brothers rooting FOR Depp?
377,https://www.youtube.com/watch?v=9rC1gEB5wSk,Solving a Rubik's cube everyday until Amber Heard gets Fired - Day 24
378,https://www.youtube.com/watch?v=rYMgB2_O5xo,Reports Confirm Amber Heard Has Not Sacked From Aquaman 2
379,https://www.youtube.com/watch?v=MbQEuuA-xqQ,Johnny Depp got justice! Amber Heard got fired???
380,https://www.youtube.com/watch?v=85lL7r4QMTM,Johnny Depp Got Fired From Fantastic Beasts Amber Heard Keeps Aquaman Role
381,https://www.youtube.com/watch?v=9L_95RughlQ,DC and Warner Bros. NEVER CONSIDERED firing Amber Heard from Aquaman 2
382,https://www.youtube.com/watch?v=vUdooGpxXJE,Solving a Rubik's cube everyday until Amber Heard gets Fired - Day 34
383,https://www.youtube.com/watch?v=lGSWPtiv6SY,Disney OFFICIALLY CONFIRMS Johnny Depp Has Been Rehired After Win Over Amber Heard!!!
384,https://www.youtube.com/watch?v=Vb_w6miwSOI,This is the Prove that Amber Heard is Lying | Flixet
385,https://www.youtube.com/watch?v=xAK9_cvud58,AH Lawyers REFUSE To Defend Her...
386,https://www.youtube.com/watch?v=LpofHf07Rd8,Solving a Rubik's cube everyday until Amber Heard gets Fired - Day 23
387,https://www.youtube.com/watch?v=EVQSp-mZyR4,Johnny Depp Fired From Fantastic Beast !!!!! (But Amber Heard Is Still In Aquman)
388,https://www.youtube.com/watch?v=7oKlkBNMmlU,is amber heard fired from aquaman 2 - this week in pop culture
389,https://www.youtube.com/watch?v=2uPo0y8afk0,Zack Snyder REACTS To Amber Heard´s Ban From All DC Movies! | Celebrity Craze
390,https://www.youtube.com/watch?v=LQWT6I_B-5A,Amber Heard's Lawyer Roberta Kaplan QUITS the CASE! Amber's Case Destroyed!
391,https://www.youtube.com/watch?v=F09ytU5OGtk,"Heard's LIE EXPOSED! She is also GONE from L'oreal! (Depp, Amber Heard)"
392,https://www.youtube.com/watch?v=EM0FOEzowak,Amber Heard stans INFECT Reddit?! Johnny Depp supporters NOT ALLOWED!
393,https://www.youtube.com/watch?v=1PZ4BNyPQro,Amber Heard Was Finally Fired - TOO SERIOUS. Episode 52
394,https://www.youtube.com/watch?v=Pw0ZzAisX_k,"""AMBER HAS GONE CRAZY"" Amber Heard Thinks SHE IS THE DAD Of Her Newborn Baby | Celebrity Craze"
395,https://www.youtube.com/watch?v=xxVYlzP_3DY,The Horrible Journey Of Amber Heard In Aquaman 2 Starts Soon....
396,https://www.youtube.com/watch?v=y83jefF05Rc,Solving a Rubik's cube everyday until Amber Heard gets Fired - Day 41
397,https://www.youtube.com/watch?v=arNOL2ItCvY,Solving a Rubik's cube everyday until Amber Heard gets Fired - Day 26
398,https://www.youtube.com/watch?v=Mcwqp2qlfJY,Has Zach Snyder BANNED Amber Heard from Aquaman 2??
399,https://www.youtube.com/watch?v=ywjsa9X_C9o,Solving a Rubik's cube everyday until Amber Heard gets Fired - Day 15
400,https://www.youtube.com/watch?v=R_lk4xK_OPY,Solving a Rubik's cube everyday until Amber Heard gets Fired - Day 33
401,https://www.youtube.com/watch?v=sdjQqwJAqL4,Solving a Rubik's cube everyday until Amber Heard gets Fired - Day 13
402,https://www.youtube.com/watch?v=TadJiYYjufw,🚨 Livestream Talking About The Johnny Depp vs Amber Heard Case
403,https://www.youtube.com/watch?v=Glmrbzmo2Ms,Solving a Rubik's cube everyday until Amber Heard gets Fired - Day 21
404,https://www.youtube.com/watch?v=TlKz297_eKs,Solving a Rubik's cube everyday until Amber Heard gets Fired - Day 25(Last)
405,https://www.youtube.com/watch?v=LnMk5bxuJ8E,Solving a Rubik's cube everyday until Amber Heard gets Fired - Day 40
406,https://www.youtube.com/watch?v=SKbltUXlCZk,Solving a Rubik's cube everyday until Amber Heard gets Fired - Day 29
407,https://www.youtube.com/watch?v=ZCAoEGxOUE4,Solving a Rubik's cube everyday until Amber Heard gets Fired - Day 16
408,https://www.youtube.com/watch?v=_nGfEVPqi68,Solving a Rubik's cube everyday until Amber Heard gets Fired - Day 12
409,https://www.youtube.com/watch?v=zWJQ60cfLok,Solving a Rubik's cube everyday until Amber Heard gets Fired - Day 39
410,https://www.youtube.com/watch?v=GNsFwFTIXCg,Solving a Rubik's cube everyday until Amber Heard gets Fired - Day 30
411,https://www.youtube.com/watch?v=I7I7MY8A6xw,Did Amber Heard Flirt with Zack Snyder to STAY in Aquaman 2?
412,https://www.youtube.com/watch?v=BwvCZ4WAwWw,AMBER HEARD NEEDS TO BE FIRED RIGHT NOW!!!!!!!! EMILIA CLARKE NEEDS TO GIVEN THE ROLE OF MERA
413,https://www.youtube.com/watch?v=X7PWjY8g3gk,Amber Heard vs Johnny Depp: Comparison of Depositions
414,https://www.youtube.com/watch?v=8PhWj1cGmlU,Johnny Deep FIRED From Fantastic Beast After Amber Heard Alligations
415,https://www.youtube.com/watch?v=7VB-m8BN8js,The Stand: Amber Heard on Fighting Pandemic Fatigue with ‘Trusted People’
416,https://www.youtube.com/watch?v=z67W67KmusA,Solving a Rubik's cube everyday until Amber Heard gets Fired - Day 22
417,https://www.youtube.com/watch?v=zNRUiNqTkgA,"""AMBER'S NUTS"" Amber Heard's EX SPEAKS OUT ABOUT HER LIES about Johnny Depp | The Gossipy"
418,https://www.youtube.com/watch?v=NTI_TRj7V4g,"Amber Heard, Elon Musk, and Cara Delevinge THREESOME in Johnny's Penthouse! Amber BUSTED Again!"
419,https://www.youtube.com/watch?v=7bi7pui6vMg,Solving a Rubik's cube everyday until Amber Heard gets Fired - Day 20
420,https://www.youtube.com/watch?v=NaDs70Q0Le8,Firing of amber heard and superman and Lois (spoilers)
421,https://www.youtube.com/watch?v=NgwLODWv5YU,Solving a Rubik's cube everyday until Amber Heard gets Fired - Day 7
422,https://www.youtube.com/watch?v=rb_gxl8Oz2o,Even MORE Celebrities Defend Johnny Depp Against Amber Heard
423,https://www.youtube.com/watch?v=7oJYm4H14q4,Johnny Depp fans react as Amber Heard leaves London High Court after taking a stand in libel trial
424,https://www.youtube.com/watch?v=OtfSkSUuwDY,Solving a Rubik's cube everyday until Amber Heard gets Fired - Day 8
425,https://www.youtube.com/watch?v=eC-cByj3fik,Amber Heard allegedly fired from 'Aquaman 2' for this shocking reason
426,https://www.youtube.com/watch?v=LfbFY9OZUfQ,Is Amber Heard Too FAT To Play Mera in Aquaman 2? Reasons for Her Being Fired from Aquaman 2 Movie
427,https://www.youtube.com/watch?v=mrRYvx9XYf0,Amber Heard is giving No Attention to Firing Petition as she is chilling in Skin Tight Spandex
428,https://www.youtube.com/watch?v=rmivac4fSag,Solving a Rubik's cube everyday until Amber Heard gets Fired - Day 33
429,https://www.youtube.com/watch?v=C_u5YuUzy1s,Solving a Rubik's cube everyday until Amber Heard gets Fired - Day 11
430,https://www.youtube.com/watch?v=Ot4aTxTIIDc,Amber Heard ATTACKS Johnny Depp Fans! | A New LOW is Reached!
431,https://www.youtube.com/watch?v=0Az4oCswAN4,Solving a Rubik's cube everyday until Amber Heard gets Fired - Day 32
432,https://www.youtube.com/watch?v=NUF2JgX_J9Q,Solving a Rubik's cube everyday until Amber Heard gets Fired - Day 36
433,https://www.youtube.com/watch?v=nF2trly23ww,"Amber Heard को Jason Momoa की Blockbuster Film Aquaman 2 से किया बहार, जानिए क्यों | FilmiBeat"
434,https://www.youtube.com/watch?v=Q7oEyn1p0Zc,Solving a Rubik's cube everyday until Amber Heard gets Fired - Day 6
435,https://www.youtube.com/watch?v=xYHTHzuqHgk,"Amber Heard SLAMMED For ""Racist"" Tweet"
436,https://www.youtube.com/watch?v=U9nd_qrld5k,Solving a Rubik's cube everyday until Amber Heard gets Fired - Day 1.
437,https://www.youtube.com/watch?v=XelfniOHA94,Jason Momoa Emilia Clarke Nicole Kidman FURIOUSLY REACT To Working w/ Amber Heard | Celebrity Craze
438,https://www.youtube.com/watch?v=3yeuRMa1CMQ,Solving a Rubik's cube everyday until Amber Heard gets Fired - Day 10
439,https://www.youtube.com/watch?v=C9YxJzIDyN8,Solving a Rubik's cube everyday until Amber Heard gets Fired - Day 2.
440,https://www.youtube.com/watch?v=VNpv30MS8Q8,Solving a Rubik's cube everyday until Amber Heard gets Fired - Day 35
441,https://www.youtube.com/watch?v=R-IrIOZwedk,Solving a Rubik's cube everyday until Amber Heard gets Fired - Day 17
442,https://www.youtube.com/watch?v=SP6yeI2tr7U,Solving a Rubik's cube everyday until Amber Heard gets Fired - Day 31
443,https://www.youtube.com/watch?v=OlA43f4Rjx8,Solving a Rubik's cube everyday until Amber Heard gets Fired - Day 5
444,https://www.youtube.com/watch?v=agcbWc4oGiU,I Was WRONG | Amber Heard Is A Victim (SATIRE) #MeTooes #DarthVault
445,https://www.youtube.com/watch?v=R8zH5JTRXmA,💝Amber Heard 4k🥰fullscreen whatsapp status 2021||💖New Amber Heard actress💞status||#shorts#amberheard
446,https://www.youtube.com/watch?v=mWiPDaZ1qEo,Amber Heard Reportedly Fired From ‘Aquaman’ #amberheard #short #JonnyDeep #tiktok #viral
447,https://www.youtube.com/watch?v=0Su09ec8hvw,Amber Heard talks Zack Snyder's Cut of Justice League & Ignores Fan Backlash
448,https://www.youtube.com/watch?v=_vY2tA6lqaA,"That Vegan Teacher Got BANNED.. Worst YouTuber Banned, Zoe LaVerne Pregnant, Amber Heard, Big Hero 6"
449,https://www.youtube.com/watch?v=kk57SiX4LYg,Solving a Rubik's cube everyday until Amber Heard gets Fired - Day 3.
450,https://www.youtube.com/watch?v=7dI7BbdVvTc,Solving a Rubik's cube everyday until Amber Heard gets Fired - Day 37
451,https://www.youtube.com/watch?v=IYDfulQ5is0,My thoughts on what's going on with Amber Heard and Johnny Depp.
452,https://www.youtube.com/watch?v=HrfrQx-MODo,"""SHE'S NOT GOING ANYWHERE"" Amber Heard STAYING IN Aquaman 2 CONFIRMED by Director | Celebrity Craze"
453,https://www.youtube.com/watch?v=EmgXejKiAK8,Let's talk about 1 MILLION PEOPLE wanting to fire Amber Heard
454,https://www.youtube.com/watch?v=F7j38oQzMU0,Solving a Rubik's cube everyday until Amber Heard gets Fired - Day 38
455,https://www.youtube.com/watch?v=9i-ibkdrJFc,Amber Heard EXPOSED in CRAZY VIDEO! SHOWS JOHNNY Depp is INNOCENT! | The Gossipy
456,https://www.youtube.com/watch?v=CAMXs0DkojM,"""AMBER WINS"" Amber Heard the Highest Paid Actress in Hollywood Part 2 | Celebrity Craze"
457,https://www.youtube.com/watch?v=NyrY35Na5JY,Disney's CFO Reveals HUGE Financial Loss If Johnny Depp is Not Rehired
458,https://www.youtube.com/watch?v=p1eBTX7hEB8,Ezra Miller and Amber Heard RUIN the Stand! The Damage NEVER stops!
459,https://www.youtube.com/watch?v=5RlfJtu5_G0,Solving a Rubik's cube everyday until Amber Heard gets Fired - Day 9
460,https://www.youtube.com/watch?v=lMEB1DQ0rdI,Disney Begging Johnny Depp for Pirates of the Caribbean 6 return
461,https://www.youtube.com/watch?v=VZYO44kG2Fg,Amber Heard Drags DISNEY Into Johnny Depp Defamation Case?!
462,https://www.youtube.com/watch?v=uQ3tf49XXLA,FIRED AMBER HEARD NOW!!!!!!!!!!!!!!!!!!!!!!!!!!!!!!!!!!!!
463,https://www.youtube.com/watch?v=Phv3IygfpnE,Amber Heard ADMIT TO ALL years ago?! She PLANNED THIS!?
464,https://www.youtube.com/watch?v=Q1GSvxsmMyo,Ep. 157 Millions Petition To Have Amber Heard Removed From Aquaman 2
465,https://www.youtube.com/watch?v=PRSghFFOY48,"""AMBER LIED!"" Elon Musk Donated Money To ACLU For Amber Heard | Celebrity Craze"
466,https://www.youtube.com/watch?v=WyE1jx9O_yI,By its weight! Warner fired Amber Heard from Aquaman
467,https://www.youtube.com/watch?v=6MaJ3FAUsxw,Is Emilia Clarke *Really* Taking Over For Amber Heard? GLTM #Shorts
468,https://www.youtube.com/watch?v=4ODeXmRH3E4,Amber Heard EXPOSED by INSIDER? Let's check it out.
469,https://www.youtube.com/watch?v=-t-1wygFTWs,Marilyn Manson's Former Personal Assistant Exclusive Interview (We Talk Johnny Depp and Amber Too)
470,https://www.youtube.com/watch?v=RiNuB0HG78w,Amber Heard’s Assistant Exposes Her For Lying
471,https://www.youtube.com/watch?v=kPmGido5chs,Mera - All Powers & Fights Scenes (Justice League Snyder's Cut)
472,https://www.youtube.com/watch?v=lFh1TRP-3q8,Amber Heard and Johnny Depp DRAMA
473,https://www.youtube.com/watch?v=NgLNExHh3Rg,Late night talks weekend #AmberHeard Rumored To Have Been Fired From #Aquaman2 For Contract Breach
474,https://www.youtube.com/watch?v=QN9B7mIZ2g4,Why Petitions To Fire Amber Heard From Aquaman 2 Are Useless Right Now.
475,https://www.youtube.com/watch?v=Z_eXGSu1GHw,Amber Heard could face Jail / Brie Larson leaving MCU?
476,https://www.youtube.com/watch?v=_d2gi3ALSlM,These Celebrities Are Tired Of Amber Heard's Lies - Johnny Depp Amber Heard Lawsuit
477,https://www.youtube.com/watch?v=RJS22DWgeq4,EMILIA CLARKE TRIED TO REPLACE AMBER HEARD in Aquaman 2 | The HollyVibe
478,https://www.youtube.com/watch?v=P6OFZtJ1qDE,Kathy Griffin DEFENDED Amber Heard and Trashed Johnny Depp!
479,https://www.youtube.com/watch?v=ExrLx9Mnn-U,Amber heard may not be fired after deep controversy
480,https://www.youtube.com/watch?v=NKtdIPe8m-E,AMBER'S GETTING NERVOUS - FACING 14 YEARS IN JAIL - The Judge Is Over AMBER HEARD | The Gossipy
481,https://www.youtube.com/watch?v=GvZn-c3AYKc,Why Did Warner Bros Fire Johnny Depp But Not Amber Heard Or Ezra Miller?
482,https://www.youtube.com/watch?v=gahvdNTEhdQ,Amber Heard FINALLY Receives Her SENTANCE! - Johnny Depp Amber Heard Lawsuit
483,https://www.youtube.com/watch?v=Da3kMCP6aPw,Amber Heard Will Soon BE SANCTIONED in Johnny Depp Lawsuit AFTER THIS | The Gossipy
484,https://www.youtube.com/watch?v=w4RW9_fCGLo,1.5 MILLION People Want Amber Heard FIRED Off Aquaman 2
485,https://www.youtube.com/watch?v=dFG0QFNBFiw,Solving a Rubik's cube everyday until Amber Heard gets Fired - Day 19
486,https://www.youtube.com/watch?v=195-YD40J_M,Amber Heard | Aquaman | WhatsApp status full screen  #JohnnyDepp #AmberHeard #SnyderCut #DCComics
487,https://www.youtube.com/watch?v=om9MSp3dPvU,amber Heard whatsapp status
488,https://www.youtube.com/watch?v=EbgpZFZgrgA,"Amber Heard has spoken out against demands that she be fired from the ""Aquaman"" franchise after ex-h"
489,https://www.youtube.com/watch?v=_vfN675NT0k,"Johnny Depp ""Fired"" from Pirates & Fantastic Beasts while Amber Heard escapes backlash"
490,https://www.youtube.com/watch?v=21PeijmoJ3I,"""ELON IS THE FATHER"" Elon Musk CONFESSES He's The Father of Amber Heard's Baby | Celebrity Craze"
491,https://www.youtube.com/watch?v=tVHF7RfNONM,"""AMBER'S GETS PAID"" Aquaman 2 Made Amber Heard Hollywood's Highest-Paid Actress | Celebrity Craze"
492,https://www.youtube.com/watch?v=GVSO8FSZGMI,Amber Heard CONDRICTS Herself! PROVES Johnny Depp was RIGHT | The HollyVibe
493,https://www.youtube.com/watch?v=PQ23UdhkEzY,Amber heard is confirmed in Aquaman 2 explained in tamil
494,https://www.youtube.com/watch?v=M4y2RPF5PFI,Amber Heard STILL Defended by Loreal! Loreal is Getting Backlash For It
495,https://www.youtube.com/watch?v=L4WnqU8Dj00,Consequences Amber Heard Is Facing (Justice For Johnny Depp)
496,https://www.youtube.com/watch?v=GhX_4BZ7Yvc,"""AMBER'S SHOCKED"" Amber Heard Accidentally Reveals Her Entire Plan To Johnny Depp | The Gossipy"
497,https://www.youtube.com/watch?v=-_vS20m0Crg,Johnny Depp Finally Responds To Being Fired From Role Captain Jack Sparrow...?
498,https://www.youtube.com/watch?v=rp7lYtBVTRQ,Amber Heard May Get DC Mera Movie Following The Johnny Depp Case?
499,https://www.youtube.com/watch?v=_5iPoS6lRF8,Amber heard whatsapp status | Aquaman Mera whatsapp status #AmberHeard #shorts #whatsappstatus
500,https://www.youtube.com/watch?v=D9caENDiV1o,"""It's Horrible"" - Jason Momoa SPEAKS OUT  on  Working With Amber Heard"
501,https://www.youtube.com/watch?v=HRK8v2cUSrg,Abusers As Role Models?? Amber Heard & L'Oréal Paris Ad Campaign...
502,https://www.youtube.com/watch?v=o43rSrjcyH8,Did Warner Bros finally fire Amber heard? | Thoughts and Opinions #8
503,https://www.youtube.com/watch?v=CIcrN-LQTmM,Amber Heard hit by rumours she's been 'fired from Aquaman 2'
504,https://www.youtube.com/watch?v=ArOWI5KbSW4,Aquaman 2 Gets an Official Title and Amber Heard is Still not Fired
505,https://www.youtube.com/watch?v=GZA4XIW7BZE,AMBER HEARD CLAPS BACK As She REACTS TO THE HORRIBLE Reviews For Her New Movie | The Gossipy
506,https://www.youtube.com/watch?v=d2pTzN0Agkw,Amber Heard SUING Warner Bros. For Aquaman 2 Decision | The Gossipy
507,https://www.youtube.com/watch?v=ht92feHGR9M,Remove AMBER HEARD From Aquaman 2 Petition Could Hits 500K Signatures
508,https://www.youtube.com/watch?v=NOAc0zZ0qh8,Ezra Miller & Amber Heard | SHOULD THE DCEU / WB FIRE Or RECAST THEM?!
509,https://www.youtube.com/watch?v=ZgjtZE9SLXw,"Remove Amber Heard from Aquaman 2 Petition SKYROCKETS 130,000+ Signs in 3 Days!"
510,https://www.youtube.com/watch?v=I7dSXoOT-LM,Amber Heard SLAMMED By Australian Authorities! She'd Face Perjury if she Returned!
511,https://www.youtube.com/watch?v=WiB1Cg0hq5c,"GeekPrime009 Bog's Season 1 Episode 15.""My Reaction Amber Heard Caught LYING Again? Heard NOT Fired"""
512,https://www.youtube.com/watch?v=7OwoUuo8FvU,10 Times Johnny Depp Tried To Warn Us About Amber Heard
513,https://www.youtube.com/watch?v=Tq_DeoK7NkA,Amber Heard back in Aquaman 2 and Beyond
514,https://www.youtube.com/watch?v=L9I8YsXEn9k,Johnny Depp's Judge Connected To Amber Heard ?! WHAT?! - Conflict of Interest?! with ComeGeekSome
515,https://www.youtube.com/watch?v=OkEWN11Rli8,"""I GOT PAID"" Amber Heard the Highest Paid Actress in Hollywood Part 1 | Celebrity Craze"
516,https://www.youtube.com/watch?v=Ud52Tntf-Mo,Why Top Movie Studios WON'T SIGN Amber Heard | Celebrity Craze
517,https://www.youtube.com/watch?v=gO1NWajgMaY,How To ACTUALLY Make WB And Disney PAY For FIRING Johnny Depp (Feat. Degenerate Jay)
518,https://www.youtube.com/watch?v=DW4Txt8AHSY,Disney Officially Apologizes To Johnny Depp After Being Fired
519,https://www.youtube.com/watch?v=jTVnJhnY6d8,Amber Heard wants CASE DISMISSED Explained (Part 1)
520,https://www.youtube.com/watch?v=rACSPZV4fGs,"Amber Heard Recasting for Aquaman 2, Johnny Depp Lawsuit, & More"
521,https://www.youtube.com/watch?v=fBS6x2plRCc,Amber Heard BEGS Zack Snyder To Not Fire Her
522,https://www.youtube.com/watch?v=ZiGR_Ejbq5g,WB gets BACKLASH for firing johnny depp OVER a abuse LIE from amber heard  RANT
523,https://www.youtube.com/watch?v=Plqey34Pnmk,Aquaman 2 Producer Says They Rejected The Firing/ Recasting Of Amber Heard Since She's Important
524,https://www.youtube.com/watch?v=Ag1MuZZkaA4,These Actors will Replace Amber Heard in Aquaman 2!
525,https://www.youtube.com/watch?v=zSjG6EYZ39U,Johnny Depp THANKS US FOR THIS - Proof That Johnny Depp Is a Gentle Soul | Celebrity Craze
526,https://www.youtube.com/watch?v=j8pnMR7ZFD0,"Producer Foolishly Thinks AH is ""Best"" for Aquaman 2"
527,https://www.youtube.com/watch?v=XyMEZYv1hB8,AMBER'S IN PRISON - Johnny Depp Doesn't KNOW WHY Amber Heard Isn't In JAIL | Celebrity Craze
528,https://www.youtube.com/watch?v=MkX8yBP6HJc,Imagine if...Emilia Clarke is Mera in Aquaman | [Deepfake]
529,https://www.youtube.com/watch?v=zSQ_-3goqIA,Palace vs Sussex showdown! Queen quietly ruined Harry and Meghan's reputation
530,https://www.youtube.com/watch?v=W527PZRgIC0,Heard attorney's 3RD ATTEMPT TO dismiss Depp’s case!
531,https://www.youtube.com/watch?v=C9eoaN1ecrA,"""Absolutely Not"" PART 2 of the Heard Document about STAGING the scene!"
532,https://www.youtube.com/watch?v=tgWiZqL56Lc,Johnny Depp Finally Responds to being Fired from Fantastic Beast Franchise
533,https://www.youtube.com/watch?v=lVv1wbZkghE,"""JOHNNY GETS CANCELLED"" Warner Bros FIRES EMPLOYEES To STOP Johnny Depp SUPPORT | The Gossipy"
534,https://www.youtube.com/watch?v=JB_dI_awqQI,"No, Amber Heard Was Not Fired From Aquaman 2 | T Online"
535,https://www.youtube.com/watch?v=V1IbDv-Vf-g,AH Files 3RD Lawsuit Dismissal Attempt! Depp Wants Her Sanctioned! #ThankYouDior Trends on Twitter!
536,https://www.youtube.com/watch?v=s8XEA4tEMMI,Amber Heard Faces Prison After This…
537,https://www.youtube.com/watch?v=ZM9ttMl-FoU,Johnny Depp Full Attitiude Whatsapp Status || Johnny Depp Jack Sparrow Whatsapp Status HD
538,https://www.youtube.com/watch?v=S9aITMV6Nk8,Late Night talks ‘Aquaman 2’ Producer Shuts Down Johnny Depp Fans Over Pressure to Fire Amber Heard
539,https://www.youtube.com/watch?v=VjNKo0H7GjU,WB Never Considered Replacing Amber Heard
540,https://www.youtube.com/watch?v=0CqCIGskvw4,Twitter Mob Gets Comic Book LEGEND Frank Miller CANCELLED from UK Comic Convention!
541,https://www.youtube.com/watch?v=O1UwiSAamH0,Watch: TODAY All Day - July 31
542,https://www.youtube.com/watch?v=oQdiu2U1Omg,Johnny Depp Full Attitude Whatsapp Status || Johnny Depp Jack Sparrow Whatsapp Status HD
543,https://www.youtube.com/watch?v=l2q3hY4av3s,Johnny depp🔥 attitude 🔥status🔥 I'm the devil😈of my world🌍 #shorts #johnnydepp #status
544,https://www.youtube.com/watch?v=hbeHJEyRuqw,Amber Heard and Elon Musk expecting a child  so now she can Buy Disney
545,https://www.youtube.com/watch?v=a-sM_mPpFUM,"'The worst case I've ever seen' - Judge gives 3 life sentences to man who killed child, girlfriend"
546,https://www.youtube.com/watch?v=6yUzdcJsXzI,"Aquaman 2 Won't Remove Amber Heard, Disney Exposes Scarlett Johansson, Blackpink Gets Cancelled"
547,https://www.youtube.com/watch?v=DJqES8BVD5w,"NEW Amber Heard BOMBSHELLS; Heard is WRECKED by Depp's lawyer on Twitter, again!"
548,https://www.youtube.com/watch?v=jbIdYshtRk0,Mike Tyson Responds To Logan Paul Calling Him Out
549,https://www.youtube.com/watch?v=qytu5UK1yww,Amber Heard Exposed By Her Assistant For Lying!
550,https://www.youtube.com/watch?v=1a_XqO2a2VY,Miss San Antonio- Machete Kills Amber Heard y Danny Trejo
551,https://www.youtube.com/watch?v=LimD6GkWwfc,celebrities confarm amber heard is liar ex wife johny dep fight she beautifu sexy model fact #shorts
552,https://www.youtube.com/watch?v=j1k2kMaHX1I,Tiff addresses David So (Just Kidding News) drama
553,https://www.youtube.com/watch?v=mhVfeiACVUQ,Amber Heard DEFENDED by Aquaman 2 Producer!
554,https://www.youtube.com/watch?v=wCX3PBmgoII,"Article: ""Bombshell: Insider exposes plot to ruin Johnny Depp """
555,https://www.youtube.com/watch?v=4wrqzCCeRrk,Jon and Sibty English Learning Lesson 41 (Intermediate) (Thai) (Thailand)
556,https://www.youtube.com/watch?v=LMx8qjwI_Ww,WB and AMBER HEARD Say DEPP FANS Are NOT Important !
557,https://www.youtube.com/watch?v=T5PKXaMpKzo,"WOW! LEAKED Johnny Depp Amber Heard Audio Sparks Outrage, Iowa Caucus Confusion, & Coronavirus News"
558,https://www.youtube.com/watch?v=R4DT9WcbUfA,Warner BANS Depp as Fantastic Beast 3 FALTERS! SO DESPERATE!
559,https://www.youtube.com/watch?v=pwKoZD4sGO0,Johnny Depp Exposes Amber Heard Emails
560,https://www.youtube.com/watch?v=fR8j5o68zpQ,Executive CONFIRMS Amber Heard Petition Did Nothing - They DON'T CARE
561,https://www.youtube.com/watch?v=4r8UJv97GjM,Body Language Proof Amber Heard Is The Worst Actor In The World Lying About Johnny Depp
562,https://www.youtube.com/watch?v=7pNmUjY7pjE,Celebrities Who SPOKE UP About Amber Heard's Lies!
563,https://www.youtube.com/watch?v=NZTd2x4h2us,"Amber Heard ""Apology"" BACKFIRES! Even the MEDIA can't SAVE IT!"
564,https://www.youtube.com/watch?v=bx1_Kok59aQ,Johnny Depp's HUGE Win Over Amber Heard & the ACLU!
565,https://www.youtube.com/watch?v=_Hgxjru74Uo,"Amber Heard Caught Laughing at ""Abuse"" by Johnny Depp on Tape & How Media Lies About Depp's Trial"
566,https://www.youtube.com/watch?v=LxqBr_H46Z0,DESPIDO De AMBER HEARD De AQUAMAN 2 Y SUSTITUCIÓN Por EMILIA CLARKE Resulta FALSO Esta Es La VERDAD!
567,https://www.youtube.com/watch?v=vyI_k__Dupg,Celebrities That Exposed Amber Heard For Lying!
568,https://www.youtube.com/watch?v=Mdrefh3zTbg,Amber Heard’s Father Seriously Threatens Johnny Depp...
569,https://www.youtube.com/watch?v=tVy6Eq5AfTU,Lucy Liu: Bill Murray Made ‘Unacceptable and Inexcusable’ Insults on ‘Charlie’s Angels’ Set
570,https://www.youtube.com/watch?v=jiING-uJxVg,Amber Heard Says Johnny Depp Threw Kate Moss Down Stairs!
571,https://www.youtube.com/watch?v=SPQfyxpywps,Breaking Down This Amber Heard/Johnny Depp Situation
572,https://www.youtube.com/watch?v=XfHsu9eYdJU,Aquaman’s Amber Heard reveals how she realized Mera is a woman superhero done right
573,https://www.youtube.com/watch?v=pF-lqnM0kbM,Johnny Depp About To Win Against Amber Heard Because of This?!
574,https://www.youtube.com/watch?v=-xSMIbR0Cic,Amber Heard RUINS Elon Musk as Depp DEMANDS Answers! The LIES are OVER
575,https://www.youtube.com/watch?v=uSPN8AOBEx8,A friend of Johnny Depp has called Amber Heard injury photos 'phoney baloney'
576,https://www.youtube.com/watch?v=w-uJk9_Kz-w,RACIST Amber Heard EXPOSED. She said WHAT?!
577,https://www.youtube.com/watch?v=f_Mmxul2uIU,Amber Heard Chokes Back Tears Speaking About Trial
578,https://www.youtube.com/watch?v=b8RTbVdnqso,How Amber Heard Manipulated Her Fans To Believe Her Lies!
579,https://www.youtube.com/watch?v=J2k3brWabyE,Amber Heard WRECKED with ACLU BOMBSHELL! PROOF!
580,https://www.youtube.com/watch?v=E_G8UNqhK6Y,Amber Heard OFFICIALLY Faces 4 Years In PRISON For Lying In Court...
581,https://www.youtube.com/watch?v=MzZSEWEqDx4,Johnny Depp Fans SLAMMED In Amber Heard's HONOR!
582,https://www.youtube.com/watch?v=Lc4hf4w7QXA,Here's the Audio where Amber Heard mocks Johnny Depp
583,https://www.youtube.com/watch?v=_3VCXezeNV8,Amber Heard Gets YouTube To BAN Johnny Depp Supporter?! - TERRFYING Interview w/ ThatUmbrellaGuy
584,https://www.youtube.com/watch?v=MLqBJc0LoEU,Amber Heard And Disgustingly Rude Body Language (TLC Recap)
585,https://www.youtube.com/watch?v=pAw857oOrGE,Amber Heard LAUGHS at Prank During Teen Suicide Speech!
586,https://www.youtube.com/watch?v=fb32I0dSdT0,Amber Heard Johnny Depp Trial CANCELLED If This Happens? | Celebrity Craze
587,https://www.youtube.com/watch?v=XHqAPd5TBKM,Amber Heard facing 4 years of Jail time? | Finally Justice For Johnny Depp
588,https://www.youtube.com/watch?v=fWTrqpRcR7g,Amber Heard Tears Up Over Her Awesome New Car on 'Overhaulin''
589,https://www.youtube.com/watch?v=r1vQod8BJk4,Amber Heard’s Father’s HORRIFIC Threat to Johnny Depp!
590,https://www.youtube.com/watch?v=jCU18BbfAhY,Johnny Depp: Amber Heard Needs to Shut Up | TMZ Live
591,https://www.youtube.com/watch?v=uZ74CssYG-Q,Amber  Heard despedida de aquaman 2 (verdad o fake) todo lo que debes saber
592,https://www.youtube.com/watch?v=ob2QomOgStQ,Aquaman (2018) - Mera's Rooftop Chase Scene (6/10) | Movieclips
593,https://www.youtube.com/watch?v=eHAzPTNLS8U,Amber Heard Makes A Complete FOOL of Herself on the STAND Panel! (clip included)
594,https://www.youtube.com/watch?v=NyLZh5UUJIU,Amber Heard Takes CRAZY Interview in 2008 and Admits to Loving All Kinds of Things!
595,https://www.youtube.com/watch?v=4-a5dCR7jbI,Amber Heard talks Pineapple Express - JoBlo.com
596,https://www.youtube.com/watch?v=vZact0ozTQ0,Amber Heard a FOOL In Front of THOUSANDS of People!
597,https://www.youtube.com/watch?v=rTd15KqHEe0,Amber Heard Needs to be Stopped!
598,https://www.youtube.com/watch?v=jbp4UiBTgO8,Amber Heard *Exposed* by her Lawyer for Lying and Ruining Johnny Depp!
599,https://www.youtube.com/watch?v=OJWTXmRr4UQ,Why Emilia Clarke Replacing Amber Heard as Mera is good for Aquaman 2 | Flixet
600,https://www.youtube.com/watch?v=8Yj2P_STAM4,Amber Heard: 'Incredibly painful' to relive breakup with Jonny Depp
601,https://www.youtube.com/watch?v=iuGKBMAb-zU,The Actual History Of Amber Heard And Johnny Depp…
602,https://www.youtube.com/watch?v=ROR6vRaut5I,The Truth On How Amber Heard Destroyed Her Own Career
603,https://www.youtube.com/watch?v=jG8Hnmb44J8,Amber Heard HORRIBLE SJW speeches BURN A HOLE IN YOUR BRAIN.
604,https://www.youtube.com/watch?v=2h3AV5o20Dk,Amber Heard Baby Girl First Look | Surrogate Mother | Oonagh Paige Heard | #amberheard #Shorts #baby
605,https://www.youtube.com/watch?v=b5qRF7f9GSI,Amber Heard's Acting Coach Testifies Against Johnny Depp!
606,https://www.youtube.com/watch?v=xYqHHae0B2Q,I am NOT Star Fire! I am DUMP STAR FIRE!
607,https://www.youtube.com/watch?v=8RX4ZIntoFQ,A Match Made In Atlantis 'Aquaman' Behind The Scenes
608,https://www.youtube.com/watch?v=QeYRrzb9HK0,NEW PROOF Amber Heard Lied MULTIPLE Times! | This Will Only Help Johnny Depp!
609,https://www.youtube.com/watch?v=IRDVIXa_5EM,Aquaman 2 Producer doesn't care about Fan Backlash For Amber Heard
610,https://www.youtube.com/watch?v=f9jyoQedozc,"Defending Johnny Depp's ""We Should Burn Amber & Drown Her"" Texts Read In Court (Darth Rant)"
611,https://www.youtube.com/watch?v=ucRsDXgrGME,Response To ET Canada Amber Heard Playlist!!
612,https://www.youtube.com/watch?v=3gLxNtqhR18,Johnny Depp fans demand Amber Heard is sacked from Aquaman - producer responds ( Magazine News )
613,https://www.youtube.com/watch?v=2nVzxf7FJbQ,AQUAMAN 2 Producer Addresses Amber Heard Backlash
614,https://www.youtube.com/watch?v=3lBStqzf0lA,Johnny Depp Victim Blaming Amber Heard AGAIN  Audio
615,https://www.youtube.com/watch?v=yBhFDZ5AK1c,Aquaman 2 producer gets candid about Amber Heard's return
616,https://www.youtube.com/watch?v=INVkIHsJwAk,Aquaman but Emilia Clarke is DeepFaked into it as Mera
617,https://www.youtube.com/watch?v=1EEYwI-7ZUU,AQUAMAN 2 Producer Won't Fire Amber Heard Despite Fans' Demands
618,https://www.youtube.com/watch?v=QFy7MjlW2_o,Did Amber Heard Do Something Wrong? (Amber Heard Playlist!!)
619,https://www.youtube.com/watch?v=tn76YXSrPRw,House MD 4.09 the firing song scene
620,https://www.youtube.com/watch?v=hpe6K1XwO6k,Johnny Depp snagged a victory in his court battle against ex-wife Amber Heard #Shorts
621,https://www.youtube.com/watch?v=ECBgokbr8HA,Johnny Depp WINS motion forcing ACLU to reveal if Amber Heard ever donated $7M divorce settlement
622,https://www.youtube.com/watch?v=HYE8TZjta9A,Mera and Arthur Fights Together | Aquaman (2018)
623,https://www.youtube.com/watch?v=u7l3tVrojYg,"Disney's Brutal response to scarlett johansson,Amber heard issue explained by producer TODAYS NEWS"
624,https://www.youtube.com/watch?v=qSZtKqzSXEc,Fighting Men of Rhodesia ep66 | Maj. Nigel Henson 3rd Talk | Trial & Tribulation
625,https://www.youtube.com/watch?v=bn0_fbbbP8U,Jack sparrow #trendingtoday#trendingnow
626,https://www.youtube.com/watch?v=8E7OGeyaSBg,Amber Heard's DEFENSE RUINED by Depp's NEWEST Appeal BOMBSHELL!
627,https://www.youtube.com/watch?v=CDLvDb_nnJQ,"Confidence, Masculinity, Faith and Fatherhood"
628,https://www.youtube.com/watch?v=rGn3aJZmO2U,Johnny Depp win legal battle over Amber heard
629,https://www.youtube.com/watch?v=rrWXvTSz0sY,Peter Safran Defends Amber Heard Return In Aquaman 2
630,https://www.youtube.com/watch?v=Aj2Jq_GMheA,Johnny Depp career destroyed by lies and the willing media.
