No,link,title
1,https://www.youtube.com/watch?v=wgfUsGLfPpQ,Johnny Depp Gets REVENGE On Amber Heard! HUGE WIN For Johnny Depp!
2,https://www.youtube.com/watch?v=mhVfeiACVUQ,Amber Heard DEFENDED by Aquaman 2 Producer!
3,https://www.youtube.com/watch?v=IVxZM3taWPg,Amber Heard naked scene - The River Why
4,https://www.youtube.com/watch?v=M3pSG8v3lEE,"Amber Heard's Apology Video - ""I Can't Go Behind Bars Now with A Child"" (IG LIVE)"
5,https://www.youtube.com/watch?v=Y_UkrYDu-VA,"""It's Horrible"" Nicole Kidman's Reaction to Working with Amber Heard(VIDEO)"
6,https://www.youtube.com/watch?v=5Pyqq3KZCOg,Johnny Depp gana demanda a Amber Heard; actriz deberá comprobar que donó dinero de su divorcio
7,https://www.youtube.com/watch?v=zGWheCDobKM,Amber Heard 'terrible' moments
8,https://www.youtube.com/watch?v=clAb4LQ5wic,FRIGHTENING Abuse! Aquaman 2 Supports LIAR Amber Heard!?
9,https://www.youtube.com/watch?v=kNIX9_jhC2A,Judge LOSES IT After Amber Heard Tries to Get Case Dismissed For the THIRD TIME!
10,https://www.youtube.com/watch?v=Vveu5aY3d7I,BATFLECK IS BACK | AMBER HEARD IS STAYING | BLACK ADAM IS EDGY  | THE DC SUMMARY #2
11,https://www.youtube.com/watch?v=bUJTw20Qtkg,"Celebrities Apologizing For Defending Amber Heard! (Elon Musk, Jason Momoa, etc.)"
12,https://www.youtube.com/watch?v=Jka1JsBBmCU,"""It's Horrible"" Jason Momoa Reaction to Working With Amber Heard (VIDEO)"
13,https://www.youtube.com/watch?v=ZEbrWa6IY5w,Jason Momoa EXPOSES The TRUTH About Working With Amber Heard!
14,https://www.youtube.com/watch?v=VzG4rT-BDEA,Amber Heard PSYCHOTIC in elevator James Franco drug dealer #JusticeforJohnnyDepp sorry Johnny Depp
15,https://www.youtube.com/watch?v=iRkweYsD_Jg,"""She's Shady"" Alex Rodriguez Speaks On Jennifer Lopez (IG LIVE)"
16,https://www.youtube.com/watch?v=3R_emk-Fzh8,Gone Girl & Amber Heard: The Disturbing Similarities
17,https://www.youtube.com/watch?v=HNwoRxZzbjM,Amber Heard Explains Her Tattoos
18,https://www.youtube.com/watch?v=Xlf58om_C9E,Aquaman 2 Producer Slams Johnny Depp Fans Over Pressure to Fire Amber Heard & says They Don't Care
19,https://www.youtube.com/watch?v=Bu1uOt5Tyoc,Elon Musk Speaks Against Amber Heard & Defends Johnny Depp!!!
20,https://www.youtube.com/watch?v=F7flOBTSiCE,Amber Heard interview
21,https://www.youtube.com/watch?v=VjNKo0H7GjU,WB Never Considered Replacing Amber Heard
22,https://www.youtube.com/watch?v=Wahd_gszuBA,'Aquaman' Producer Responds To Johnny Depp Fans Pushing For Amber Heard's Firing From Sequel
23,https://www.youtube.com/watch?v=lGbPKZrs368,"""AMBER GETS BETRAYED"" Amber Heard Lawyers Leaked Information to Johnny Depp | The Gossipy"
24,https://www.youtube.com/watch?v=g7QY3uedq5k,Amber Heard Speaks On Being SENTENCED To 4 Years In Prison!
25,https://www.youtube.com/watch?v=FLOlOYsKsZs,Heard PANICS as HER LAWYER is ASKED TO TESTIFY?! He KNOWS EVERYTHING!
26,https://www.youtube.com/watch?v=xgDDvD49sak,"Amber Heard Is a Mom, Welcomes Baby Girl ""On Her Own Terms"" | E! News"
27,https://www.youtube.com/watch?v=f4ivPgqaFb4,WOW: ¡La mayor VICTORIA de Amber Heard! Scarlett DESTRUYE a Disney y Emma Stone también DEMANDARA 🔥
28,https://www.youtube.com/watch?v=jnUHvaBQ5Ng,"""FIRE AMBER"" Warner Brothers Wants To FIRE Amber Heard From Aquaman 2 NOW | The Gossipy"
29,https://www.youtube.com/watch?v=iT2Kiyt7-rk,Amber Heard on the Stand in Johnny Depp's Libel Case
30,https://www.youtube.com/watch?v=8oiB_u4RDiM,"Amber Heard FULL Apology Video - ""This Has Gone Too Far""...!?"
31,https://www.youtube.com/watch?v=So9UkwrMQjM,"Actors Furiously REACT To Working with Amber Heard (Jason Momoa, Emilia Clarke, Nicole Kidman)"
32,https://www.youtube.com/watch?v=ATf-o9qerTo,Amber Heard Was Never Going To Be Fired From Aquaman 2 Says Producer
33,https://www.youtube.com/watch?v=h-wpBkiMKd0,"Caso de Johnny Depp y Amber Heard: Amber es atrapada mintiendo bajo juramento, Subitulos español"
34,https://www.youtube.com/watch?v=-Puv-V2NDXc,Jason Momoa Says HE HATES Working With Amber Heard!!! (IG LIVE)
35,https://www.youtube.com/watch?v=neQOHMNa-lk,Amber Heard Reacts to The Court STOPPED Listening To Her…
36,https://www.youtube.com/watch?v=RAbwipKD9cE,Amber Heard Has LOST Her Mind!
37,https://www.youtube.com/watch?v=bx1_Kok59aQ,Johnny Depp's HUGE Win Over Amber Heard & the ACLU!
38,https://www.youtube.com/watch?v=F3bqW4uI8lA,"Celebrities EXPOSING Amber Heard & Her Rise to Fame (Gal Gadot, Jason Mamoa, Emilia Clarke)"
39,https://www.youtube.com/watch?v=wYiU3yOUx6w,Amber Heard REACTS To Being SENTENCED To 4 Years In Prison!
40,https://www.youtube.com/watch?v=wSUW_8wcT6I,"AMBER HEARD SHUTDOWN - Truth Comes Out About Johnny Depp, Disney, Amber's Lies | The Gossipy"
41,https://www.youtube.com/watch?v=pZR2_v4UpgI,Amber Heard’s Lawyer EXPOSES Her For Ruining Johnny Depp
42,https://www.youtube.com/watch?v=M1lxGj_KkyQ,Amber Heard OFFICIALLY Gets Sentenced To Four Years In Prison!!! (Johnny Depp Victory)
43,https://www.youtube.com/watch?v=tdXBUL9WunQ,Johnny Depp FINALLY Speaks On How Amber Heard Tried To Ruin Him
44,https://www.youtube.com/watch?v=gJ4C74byhEE,BAGAIMANA AMBER HEARD MEMANIPULASI KITA SEMUA
45,https://www.youtube.com/watch?v=iX63Sqkr8sE,Amber Heard's Assisstant Finally Exposes Her For Lying
46,https://www.youtube.com/watch?v=Sdf-x2_wedU,AMBER SHOCKED At ELON - Elon Musk REGRETS DATING Amber Heard - Johnny Depp Lawsuit | The Gossipy
47,https://www.youtube.com/watch?v=poyCzmHadrM,REVELAN AUDIO confirmando que Amber Heard GOLPEABA a Johnny Deep
48,https://www.youtube.com/watch?v=uTMkPIsSn50,Amber Heard Reacts to The Court STOPPED Listening to Her
49,https://www.youtube.com/watch?v=pd-iJRfKPuI,JOHNNY DEPP POR FIN DEMUESTRA QUE AMBER HEARD MINTIÓ: El video que salvara su carrera 🔥
50,https://www.youtube.com/watch?v=kHTp6HdKI_Y,Johnny Depp WINS Defamation Case AGAINST Amber Heard!!
51,https://www.youtube.com/watch?v=0L_AkpaiTzs,Amber Heard FIRED?!?!  New Clues From Zack Snyder & Emila Clark Point To Aquaman 2 REMOVAL
52,https://www.youtube.com/watch?v=UCCh-zVJWCs,Celebrities That Defended Johnny Depp Against Amber Heard
53,https://www.youtube.com/watch?v=U8kIY_JREHk,Amber Heard Exposed After Leaked LAPD Footage Surfaced…
54,https://www.youtube.com/watch?v=PpS55f5yBsY,The Complicated History Of Johnny Depp And Amber Heard | Corporate Casket
55,https://www.youtube.com/watch?v=ApaFjM2Hs-o,Johnny Depp Vs Amber Heard Comparison - Comparison
56,https://www.youtube.com/watch?v=WzJD3RhAuI4,AMBER HEARD APOLOGIZES TO JOHNNY DEPP After Losing ALL Movie Roles | Celebrity Craze
57,https://www.youtube.com/watch?v=LMx8qjwI_Ww,WB and AMBER HEARD Say DEPP FANS Are NOT Important !
58,https://www.youtube.com/watch?v=L2y6ED9Cu8s,Johnny Depp vs Amber Heard
59,https://www.youtube.com/watch?v=gECq8x8b6bo,10 Celebrities That Defended Johnny Depp Against Amber Heard
60,https://www.youtube.com/watch?v=FzB3uX9z4s4,Celebrities CONFIRM Amber Heard Is A LIAR!
61,https://www.youtube.com/watch?v=Ar1Kk-X0GG8,Amber Heard's Lawyer Messes Up BIG TIME! Great News for Johnny Depp!
62,https://www.youtube.com/watch?v=QdVsTIniocQ,Amber Heard FULL Apology Video: This Has Gone Too Far
63,https://www.youtube.com/watch?v=7iqqFEfT82Q,“She’s Untalented” Jason Mamoa speaks on Working with Amber Heard
64,https://www.youtube.com/watch?v=aKeYSCQeFlE,Amber Heard Posts Again! Breakdown from a Father!
65,https://www.youtube.com/watch?v=j94ckfo6DnU,Amber Heard Desperately Tries To Get Lawsuit Dropped & MGM BURIES Depp Movie
66,https://www.youtube.com/watch?v=iT3u5xSvT6s,Heard had Rocketman's BABY?! SHOCKING PROOF Depp WAS RIGHT?!
67,https://www.youtube.com/watch?v=pB8jpj4srvE,Aquaman 2 facing INSTANT REGRET! Amber Heard seriously damaging films hype and potential box office!
68,https://www.youtube.com/watch?v=BDgktmMv1ZE,Amber Heard Claps Back At Johnny Depp Fans Dragging Her
69,https://www.youtube.com/watch?v=3YHmbJEvn40,Heard BEGS the COURT to STOP as even the MEDIA BACKS DEPP?!
70,https://www.youtube.com/watch?v=5iVs0VfiuU4,"Amber Heard FULL Apology Video - ""I Just Wanted To Be Heard"""
71,https://www.youtube.com/watch?v=qRXSqkh4tyg,Amber Heard Sentenced To Prison *LIVE FOOTAGE*...!?
72,https://www.youtube.com/watch?v=B9ZaUwfDvg4,Amber Heard’s Lawyer QUITS & EXPOSES Amber For Ruining Johnny Depp!?
73,https://www.youtube.com/watch?v=RricSNwtleQ,La Vida y El Triste Final de Amber Heard
74,https://www.youtube.com/watch?v=IfZzdVZrPuI,Amber Heard Friends Testify AGAINST Her & Side With Johnny Depp
75,https://www.youtube.com/watch?v=SffKG2-KHTM,Jason Momoa Ripped the Last Pages Out of Amber Heard's Books on the Aquaman Set
76,https://www.youtube.com/watch?v=znAVQD4tgBk,Amber Heard Secretly Welcomes Baby Girl
77,https://www.youtube.com/watch?v=dHWWWCGuoS8,"Amber Heard - Niespójności W Zachowaniu - Przejęzyczenia, Zaprzeczenia, Zmyślanie"
78,https://www.youtube.com/watch?v=zis29lX5xqQ,جوني ديب وأمبير هيرد | Johnny depp and Amber heard
79,https://www.youtube.com/watch?v=-qHw0PtrdQI,How Amber Heard Destroyed Her Own Career
80,https://www.youtube.com/watch?v=syCVIAP0La4,Amber Heard FORCES Judge To Dismiss Lawsuit  - Johnny Depp Amber Heard Lawsuit UPDATE
81,https://www.youtube.com/watch?v=Lc4hf4w7QXA,Here's the Audio where Amber Heard mocks Johnny Depp
82,https://www.youtube.com/watch?v=B9MtG3e1ubw,"""Amber Slept Her Way To The Top"" Emilia Clarke Reveals How Amber Heard Got The Part In Aquaman!"
83,https://www.youtube.com/watch?v=VzG4rT-BDEA,Amber Heard PSYCHOTIC in elevator James Franco drug dealer #JusticeforJohnnyDepp sorry Johnny Depp
84,https://www.youtube.com/watch?v=xFaa6c4iCHc,Jason Momoa Furiously Reacts to Amber NOT Being Fired for Aquaman 2
85,https://www.youtube.com/watch?v=O1Rrb3ET21c,Celebrities Who SPOKE UP About Amber Heard's Lies
86,https://www.youtube.com/watch?v=i3x_TuQigw8,Amber Heard Analysis: Interviews and Psychological Documentary Bio
87,https://www.youtube.com/watch?v=g8whj8pfdF8,"Amber Heard EXPOSED in NEW Bombshell VIDEO, PROVING Depp is RIGHT!"
88,https://www.youtube.com/watch?v=tDyEIfYRIME,Amber Heard FIRED From Aquaman 2 after Johnny Depp Lawsuit?!
89,https://www.youtube.com/watch?v=AKSQk1KayeA,Amber Heard LOSES Case After All Witnesses Take Johnny Depp's Side!!! (Amber's LIES EXPOSED)
90,https://www.youtube.com/watch?v=NuGM3z8cO6c,The FBI Just DESTROYED Amber Heard's Case And Career | Celebrity Craze
91,https://www.youtube.com/watch?v=dJe8bl_BLDE,Amber Heard Faces Prison After This…
92,https://www.youtube.com/watch?v=RovrVHHQXK4,JOHNNY DEPP Se tornou a VÍTIMA depois do ÁUDIO VAZADO com AMBER HEARD
93,https://www.youtube.com/watch?v=NfOaNcuySr4,"It's time to say Goodbye... Ryan Reynolds, Johnny Depp Amber Heard Emails, & Today's News"
94,https://www.youtube.com/watch?v=eDswApK6vR8,Johnny Depp and Amber Heard Full Controversy Explained | Comicnity Hindi
95,https://www.youtube.com/watch?v=qgnkeDWNzgc,Amber Heard OFFICIALLY Apologizes To Johnny Depp About Her Lies...
96,https://www.youtube.com/watch?v=hYXqDheAzfo,Emilia Clarke REPLACING Amber Heard In Aquaman 2?!
97,https://www.youtube.com/watch?v=74z8RUi3Tu0,AMBER HEARD va a perder: ¡FILTRAN sus emails privados y revelan su peor SECRETO!
98,https://www.youtube.com/watch?v=Y9wJrXvVLZY,¿AMBER HEARD DESPEDIDA DE AQUAMAN 2?
99,https://www.youtube.com/watch?v=OrK7O1ES-gs,Depp WINS BIG as FANTASTIC BEASTS FAILS! Warner's RUNNING SCARED!
100,https://www.youtube.com/watch?v=zsu0ORKvq9o,Elon Musk SPEAKS On Rumors About Being Amber Heard's Baby's Father!!!
101,https://www.youtube.com/watch?v=6b6CBo8aYVY,Amber Heard Chat with a Lawyer: We Talk Amber's Baby and Depp vs. Heard Updates
102,https://www.youtube.com/watch?v=xF1yyij4FAA,Amber Heard SPEAKS OUT On Losing All Movie Roles!!!
103,https://www.youtube.com/watch?v=Jzyfbqc15T0,Celebrities Reaction To Johnny Depp & Amber Heard Fight! (Video)
104,https://www.youtube.com/watch?v=-2ZWF-DW3TQ,Know all details of Amber Heard's life ( Hindi )
105,https://www.youtube.com/watch?v=CgA2iLului4,"""AMBER'S SHOCKED"" AMBER HEARD JUST LOST IN COURT - ADMITS Johnny Depp WAS RIGHT | Celebrity Craze"
106,https://www.youtube.com/watch?v=rzD87uGjuq0,"""Why Me"" Amber Heard Reacts To Being REMOVED from Aqua Man 2"
107,https://www.youtube.com/watch?v=e18H8DSmE3Q,DRAME JOHNNY DEPP et AMBER HEARD : LA SUITE | Dairing Tia
108,https://www.youtube.com/watch?v=C1Qe3rAUj1c,Explicando Johnny Depp VS Amber Heard polémica
109,https://www.youtube.com/watch?v=BKPZcUAhKhs,"""I WENT TOO FAR"" Amber Heard Apologises to Johnny Depp (IG LIVE VIDEO)"
110,https://www.youtube.com/watch?v=qg9H0_ulnCE,Amber Heard Replies To Johnny Depp Fans On Twitter
111,https://www.youtube.com/watch?v=c5SkTaaUbIU,Amber Heard Responds To Losing ALL Movie Roles...
112,https://www.youtube.com/watch?v=GGM0sk2naHA,Amber Heard ADMITS Her Baby Announcement Is A Publicity Stunt...
113,https://www.youtube.com/watch?v=RZLagV4cd00,Amber Heard - Fast Life
114,https://www.youtube.com/watch?v=-mIU5PYWfzs,La Doble Vida De Amber Heard Completamente Revelada
115,https://www.youtube.com/watch?v=Vjejpodph54,Amber Heard Sentenced In Court After Shocking Details Surface…
116,https://www.youtube.com/watch?v=fR8j5o68zpQ,Executive CONFIRMS Amber Heard Petition Did Nothing - They DON'T CARE
117,https://www.youtube.com/watch?v=ShObyc9vqXM,Jason Momoa Speaks On Amber Heard Being Replaced From Aquaman 2!?
118,https://www.youtube.com/watch?v=woULP7tJYWk,AMBER HEARD ES ARRASADA POR LOS FANS DE JOHNNY DEPP DESPUÉS DE ANUNCIAR QUE SE CONVIRTIÓ EN MADRE
119,https://www.youtube.com/watch?v=hBH5O1ukpq8,Waarom vecht Amber Heard voor andere vrouwen? - RTL LATE NIGHT MET TWAN HUYS
120,https://www.youtube.com/watch?v=gEfWUbRfFR8,How Amber Heard Destroyed Her Own Career
121,https://www.youtube.com/watch?v=QQ4OVWGMAXk,AMBER HEARD IS DONE - Aquaman 2 ACTORS HATED Filming With Amber - Support Depp | Celebrity Craze
122,https://www.youtube.com/watch?v=u7EQYh2ScbE,Jason Momoa REACTS To #BoycottAquaman2 - Fans Want Amber Heard FIRED!!!
123,https://www.youtube.com/watch?v=SMQblIBEDqo,Amber Heard Lawyers Reveal Why They Exposed Her! (PURE EVIL)
124,https://www.youtube.com/watch?v=G0Ui9JOXNjk,Judge STOPS LISTENING To Amber Heard! - Johnny Depp Amber Heard Lawsuit!
125,https://www.youtube.com/watch?v=BcKRsYHoKIM,Amber Heard Aquaman' den Atıldı Mı? | Amber Heard & Johnny Depp Güncellemesi
126,https://www.youtube.com/watch?v=OVVeHLuJegA,Porn Star Reacts to Amber Heard's Insane Phone Rant to Johnny (Leaked Audio New Analysis)
127,https://www.youtube.com/watch?v=t1Q8KRRlEFg,Amber Heard: Single Mother By Choice - Stunning and Brave!
128,https://www.youtube.com/watch?v=eoJzY6B4WaQ,Amber Heard Shares Video Of Not So Newborn Baby?
129,https://www.youtube.com/watch?v=dBaTzs9tEJQ,AUDIO: le ammissioni di Amber Heard - SOTTOTITOLI ITALIANO
130,https://www.youtube.com/watch?v=MzZSEWEqDx4,Johnny Depp Fans SLAMMED In Amber Heard's HONOR!
131,https://www.youtube.com/watch?v=6-6bRaotgDg,Zack Snyder Speaks On Amber Heard´s Ban From All DC Movies!
132,https://www.youtube.com/watch?v=QR9_W4jVEcQ,The FBI Is Coming For Amber Heard - BREAKING! - Justice (Finally?!) For Johnny Depp
133,https://www.youtube.com/watch?v=fnPhgQYUMPs,Psicólogo analiza el lenguaje no verbal de Amber Heard
134,https://www.youtube.com/watch?v=U9y03XWbUiM,"¡Adiós Amber Heard! Hola Emilia, Se revela Martian Manhunter en  Snyder Cut, El Mjolnir regreso."
135,https://www.youtube.com/watch?v=hYNyAmk2yrg,Major Movie Talk [Short News] - ถ้า Amber Heard ผิดจริง อาจติดคุก !!
136,https://www.youtube.com/watch?v=6yUzdcJsXzI,"Aquaman 2 Won't Remove Amber Heard, Disney Exposes Scarlett Johansson, Blackpink Gets Cancelled"
137,https://www.youtube.com/watch?v=vNCZ8Zy7J5U,Johnny Depp WINS Against Amber Heard In Defamation Case...!!!?
138,https://www.youtube.com/watch?v=oRLok2-X4s4,Amber heard on set Zack snyder's justice league #43
139,https://www.youtube.com/watch?v=DzcQK6buuNc,Amber Heard's Friends Choose Johnny Depp’s Side After This…
140,https://www.youtube.com/watch?v=Wmsvy4yrKfQ,Johnny depp and Amber heard 💕 |whatsapp status
141,https://www.youtube.com/watch?v=fBcDN_eWZK4,"""AMBER LIES AGAIN"" Amber Heard ADMITS Her Baby Announcement Was A Publicity Stunt | The Gossipy"
142,https://www.youtube.com/watch?v=XNRsWtL7nMo,TOÀN CẢNH VỤ LÙM XÙM CỦA JOHNNY DEPP VÀ AMBER HEARD CHO ĐẾN HIỆN TẠI!
143,https://www.youtube.com/watch?v=gsB_nI07k6U,Explicando treta Johnny Depp e Amber Heard
144,https://www.youtube.com/watch?v=JxzqsYMneoE,"""Fans have Spoken"" Zack Snyder FIRES Amber Heard from Aquaman 2"
145,https://www.youtube.com/watch?v=5vRd21X3K-k,Amber Heard Can't Stop Flirting With Jason Momoa (AQUAMAN)
146,https://www.youtube.com/watch?v=s4hKyfXZvzA,Depp WINS BIG in NEWEST COURT BOMBSHELL!
147,https://www.youtube.com/watch?v=0EdLoENqVtw,Amber Heard CLAPS BACK To HORRIBLE Reviews For Her New Movie!!!
148,https://www.youtube.com/watch?v=xd7lNNacO0Q,How the FBI Has DESTROYED Amber Heard's Case And Career...
149,https://www.youtube.com/watch?v=zTuqxVOrAGk,"""Meine Tochter"": Amber Heard ist überraschend Mama geworden!"
150,https://www.youtube.com/watch?v=dvc_HbwjIco,AMBER HEARD DESTROYED MY CAREER: Johnny Depp SPEAKS UP ON Losing His Acting Career | Celebrity Craze
151,https://www.youtube.com/watch?v=7-yz2IP_knA,The Real Reason Why Amber Heard Is Lying
152,https://www.youtube.com/watch?v=DkRFRQA2nk8,Johnny Depp Speaks On Amber Heard Ruining Her Own Career
153,https://www.youtube.com/watch?v=npea0hTrVK8,Kelewat C4N T1K dan S3K S1 ! 14 Film Amber Heard Yang Harus Ditonton Sendirian !
154,https://www.youtube.com/watch?v=tMOqCTsr8Yc,Amber Heard LOSES IT In Court Against Johnny Depp (Lawsuit Update!)
155,https://www.youtube.com/watch?v=dEhhgg43AiI,Body Cam Footage PROVING Amber  Heard LIED about Johnny Depp!
156,https://www.youtube.com/watch?v=bCk2xMs6j8M,"Celebrities DEFENDING Johnny Depp against Amber Heard (Elon Musk, Jason Momoa, Sia, Alice Cooper)"
157,https://www.youtube.com/watch?v=kjwsCStgLtM,Amber Heard Is Getting Nervous!?! Signs That The Judge Is Over HER!
158,https://www.youtube.com/watch?v=pF-lqnM0kbM,Johnny Depp About To Win Against Amber Heard Because of This?!
159,https://www.youtube.com/watch?v=-cqVoAzrhs8,Amber Heard Secretly Recorded by Raven Symone LOCKED Out of Her Car!
160,https://www.youtube.com/watch?v=XyMEZYv1hB8,AMBER'S IN PRISON - Johnny Depp Doesn't KNOW WHY Amber Heard Isn't In JAIL | Celebrity Craze
161,https://www.youtube.com/watch?v=tBU3jnuuSJE,Photographic proof - Amber Heard staged the scene in Penthouse 5
162,https://www.youtube.com/watch?v=VTXaatdiBps,La razón por la que AMBER HEARD sigue siendo MERA EN AQUAMAN
163,https://www.youtube.com/watch?v=P5k5mHmSLyA,Should We Stop Criticizing Amber Heard’s Friends?
164,https://www.youtube.com/watch?v=xpADcOjZzlE,Amber Heard | Attitude Whatsapp status | Amber Heard Birthday Whatsapp status |
165,https://www.youtube.com/watch?v=2A0tXMEXrX8,Amber Heard Speaks On Johnny Depp Losing The Case
166,https://www.youtube.com/watch?v=iRkweYsD_Jg,"""She's Shady"" Alex Rodriguez Speaks On Jennifer Lopez (IG LIVE)"
167,https://www.youtube.com/watch?v=YVPyBraRags,Jason Momoa Tells The TRUTH On Why Amber Heard Was FIRED From Aquaman 2!!
168,https://www.youtube.com/watch?v=Zb7zNZeDgZg,Amber Heard LOSES BIG as the Judge GOES OFF! Gives DEPP THE WIN!
169,https://www.youtube.com/watch?v=E6UdCB9htTw,Linguist Analyzes Amber Heard’s Unreliable Statements About Johnny Depp
170,https://www.youtube.com/watch?v=mpJLRodyNTs,Proof Amber Heard Cheated On Johnny Depp With Elon Musk
171,https://www.youtube.com/watch?v=641Ap5N97xM,UNCENSORED Body Cam Footage Proves Amber Heard Lied About Johnny Depp
172,https://www.youtube.com/watch?v=GZNKlZu-i2o,Amber Heard Apologies to Johnny Depp after Losing ALL Her Movie Roles
173,https://www.youtube.com/watch?v=YZHhdvfSQ3Y,Amber Heard's Assistant EXPOSES Her For Ruining Johnny Depp
174,https://www.youtube.com/watch?v=ehC4a60G_pE,Amber Heard’s Lawyer Makes HUGE Mistake in Legal Document!
175,https://www.youtube.com/watch?v=Sdt6z357q_k,"Johnny Depp - wielka przegrana w sądzie z Amber Heard, to koniec jego kariery?"
176,https://www.youtube.com/watch?v=6EjpDSwKLAk,Why Warner Bros Completely REGRETS Hiring Amber Heard For Mera In Aquaman 2...
177,https://www.youtube.com/watch?v=gpYzJkm_5os,LIVE Johnny Depp vs Amber Heard Case
178,https://www.youtube.com/watch?v=RNxOnso7j5c,FBI TARGETS Amber Heard; CONFIRMS Australian FEDERAL CRIMINAL CASE!
179,https://www.youtube.com/watch?v=jWqHBv9IXI4,IS AMBER HEARD GOING TO SUE US?!?
180,https://www.youtube.com/watch?v=I2hsmifH7oo,Johnny Depp Wants Amber Heard Sanctioned!
181,https://www.youtube.com/watch?v=yANbdh_gK6c,Amber Heard Whatsapp Status Full Screen 🔥
182,https://www.youtube.com/watch?v=Yuf3ZT7Pj4M,Video Shows James Franco With Amber Heard 1 Day After Fight With Johnny Depp
183,https://www.youtube.com/watch?v=q65lJArzDng,Amber Heard Will LOSE Her Lawsuit After LEAKED Emails Show ACLU Wrote The ENTIRE Op-Ed & She Paid!!
184,https://www.youtube.com/watch?v=3beBArjSd60,Amber Heard Lawyers QUIT And Say That She Never Stood a Chance (INTERVIEW)
185,https://www.youtube.com/watch?v=DTlOZn2F0Xc,Elon Musk Speaks Against Amber Heard  and DEFENDS Johnny Depp
186,https://www.youtube.com/watch?v=G9J0th19v1U,What Happened To Amber Heard?
187,https://www.youtube.com/watch?v=pvyeJxMUIcQ,Amber Heard habla en español sobre su papel en Aquaman
188,https://www.youtube.com/watch?v=E_G8UNqhK6Y,Amber Heard OFFICIALLY Faces 4 Years In PRISON For Lying In Court...
189,https://www.youtube.com/watch?v=3R_emk-Fzh8,Gone Girl & Amber Heard: The Disturbing Similarities
190,https://www.youtube.com/watch?v=BKHLUMnCPTw,Judge ENDS Amber Heard - Johnny Depp Amber Heard Lawsuit UPDATE
191,https://www.youtube.com/watch?v=Zkbp5MVZW14,Warner Brothers Wants To FIRE Amber Heard From Aquaman 2 NOW?!
192,https://www.youtube.com/watch?v=BZtuJ2QYRVo,El BRUTAL CASO de AMBER HEARD y JOHNNY DEPP EXPLICADO de MANERA SENCILLA
193,https://www.youtube.com/watch?v=3_1qn0BbsWo,"""FIRE AMBER"" Hollywood STANDS w/ JOHNNY DEPP - Calls For WB To Fire Amber Heard | Celebrity Craze"
194,https://www.youtube.com/watch?v=aBgHjlrv-0E,Top 5 Times Amber Heard Was Caught Lying
195,https://www.youtube.com/watch?v=S6qYFt_8wfw,Amber Heard BUSTED cheating on Depp with James Franco on CCTV
196,https://www.youtube.com/watch?v=NYjNLktP3lI,BODYCAM FOOTAGE PROVES AMBER LIED!!
197,https://www.youtube.com/watch?v=xU-leHhdV8A,Amber Heard Is In Serious Trouble After Johnny Depp's Lawyers Bring New Evidence
198,https://www.youtube.com/watch?v=VjG-zaFVoLw,Amber Heard MOCKS NEW Judge Over Johnny Depp's Win!
199,https://www.youtube.com/watch?v=k3DzT-eARE4,Amber Heard  Fat shamed Johnny Depp
200,https://www.youtube.com/watch?v=A7hCC1PNYt4,The Psychology of Amber Heard PART 2.
201,https://www.youtube.com/watch?v=lHy1ORGQ0xM,Is Amber Heard an abuser?
202,https://www.youtube.com/watch?v=YAcdzMRadhQ,Why people believe Amber Heard and Meghan Markle’s lies - Understanding the victimhood game (2021)
203,https://www.youtube.com/watch?v=iM2gB3Nhuh0,Are Bots Signing Anti Amber Heard Petitions? | Flixet
204,https://www.youtube.com/watch?v=lDwQ5zpHMD0,"""We Were Wrong"" Disney Rehires Johnny Depp After Beating Amber Heard!"
205,https://www.youtube.com/watch?v=znMtuv4W0Bc,¡Amber Heard esta DESESPERADA y CANCELAN a Bill Murray! Kevin Smith vs los fans de He-Man 🔥
206,https://www.youtube.com/watch?v=bgcuD5BSy3s,Amber Heard And Johnny Depp Text Messages LEAKED!
207,https://www.youtube.com/watch?v=Fby6YdDEpFM,"""We're Sorry"" Disney Rehires Johnny Depp After Destroying Amber Heard in Court"
208,https://www.youtube.com/watch?v=SPQfyxpywps,Breaking Down This Amber Heard/Johnny Depp Situation
209,https://www.youtube.com/watch?v=2XtaTEAt9N4,How Amber Heard destroyed Johnny Depp TikTok: charlesperalo
210,https://www.youtube.com/watch?v=-xSMIbR0Cic,Amber Heard RUINS Elon Musk as Depp DEMANDS Answers! The LIES are OVER
211,https://www.youtube.com/watch?v=r1vQod8BJk4,Amber Heard’s Father’s HORRIFIC Threat to Johnny Depp!
212,https://www.youtube.com/watch?v=2HBoBIsYHoE,Johnny Depp Lawyers Just DESTROYED Amber Heard!
213,https://www.youtube.com/watch?v=Z-8ljh8ub4U,Amber Heard: Johnny Depp Is Scared | TMZ Live
214,https://www.youtube.com/watch?v=jCU18BbfAhY,Johnny Depp: Amber Heard Needs to Shut Up | TMZ Live
215,https://www.youtube.com/watch?v=j_XOf43VV8w,Amber Heard's Lawyers QUIT & Expose Her (INTERVIEW)
216,https://www.youtube.com/watch?v=Mdrefh3zTbg,Amber Heard’s Father Seriously Threatens Johnny Depp...
217,https://www.youtube.com/watch?v=4o4HDfaNNnM,The Double Life Of Amber Heard
218,https://www.youtube.com/watch?v=9vSwSEadEaY,Amber Heard sued for 50 million dollars
219,https://www.youtube.com/watch?v=Ls5Ybqj83iI,"""AMBER'S GOING TO JAIL FOR 15 YEARS"" FBI Director To Amber Heard - Johnny Depp WON | The Gossipy"
220,https://www.youtube.com/watch?v=pAEPlldbnuc,Video: Amber Heard describes a physical altercation with Johnny Depp
221,https://www.youtube.com/watch?v=mQ1p4H50Cgk,Analysis: Why did Amber Heard RUIN Johnny Depp?
222,https://www.youtube.com/watch?v=M2dmoT8Lscc,"""SERIOUSLY AMBER?"" Amber Heard Drops 10 Years of Johnny Depp’s Personal Info | The Gossipy"
223,https://www.youtube.com/watch?v=4HYIYW8uwUg,50 Shades Of Amber Heard ! A Part Of Amber Heard’s Statement of Truth or is it ??
224,https://www.youtube.com/watch?v=R_WOylGwJrk,Johnny Depp And Amber Heard Case OFFICIALLY Cancelled...
225,https://www.youtube.com/watch?v=9AAaaZGiDo0,TOUTE LA VERITE SUR L'AFFAIRE Johnny Depp - Amber Heard (partie 1) #GIVDT 39
226,https://www.youtube.com/watch?v=GZA4XIW7BZE,AMBER HEARD CLAPS BACK As She REACTS TO THE HORRIBLE Reviews For Her New Movie | The Gossipy
227,https://www.youtube.com/watch?v=b8RTbVdnqso,How Amber Heard Manipulated Her Fans To Believe Her Lies!
228,https://www.youtube.com/watch?v=6qEgXqmSwl8,The Real Reason Amber Heard Could End Up Behind Bars
229,https://www.youtube.com/watch?v=8q5G_aFdRqw,Amber Heard Faked Her Pregnancy For Publicity?
230,https://www.youtube.com/watch?v=X7PWjY8g3gk,Amber Heard vs Johnny Depp: Comparison of Depositions
231,https://www.youtube.com/watch?v=UjVEaOxJqhg,Judge WARNS Amber Heard! THREATENS to GIVE Depp HUGE WIN!
232,https://www.youtube.com/watch?v=poSU5v1y5m4,10 Times Johnny Depp Warned Us About Amber Heard
233,https://www.youtube.com/watch?v=I7I7MY8A6xw,Did Amber Heard Flirt with Zack Snyder to STAY in Aquaman 2?
234,https://www.youtube.com/watch?v=ZkhUbKhmb9M,Johnny Depp Gets Candid About His Divorce From Amber Heard & Recent Financial Troubles | Access
235,https://www.youtube.com/watch?v=PpXrp_VuJu8,Depp V Heard. Britney. Markle. Blizzard! LIVE!
236,https://www.youtube.com/watch?v=unAONxmeGeU,Johnny Depp's BIG COURT WIN - Amber Heard Feeling Desperate...
237,https://www.youtube.com/watch?v=jQTD2pDwoz4,10 Times Johnny Depp Tried To Warn Us About Amber Heard
238,https://www.youtube.com/watch?v=0mUOxTQoPqA,Amber Heard REACTS TO #FireAmberHeard Movement... (Aquaman 2)
239,https://www.youtube.com/watch?v=7Kqq9LT-Pk8,"¡HASTA SIEMPRE AMBER HEARD! ¿Biden es un VAMPIRO? El FIN de Yao Cabrera, Britney Spears, Kanye y mas"
240,https://www.youtube.com/watch?v=ip3OBqUeGLk,Amber Heard's assistant tells her side of the story
241,https://www.youtube.com/watch?v=0FThv_a-xo4,Amber Heard ACLU Emails EXPOSED! Amber Caught Lying AGAIN! | Celebrity Craze
242,https://www.youtube.com/watch?v=hN8bZmmZK_4,Johnny Depp Speaks on Why Amber Heard has Not Been Fired Yet!
243,https://www.youtube.com/watch?v=RiNuB0HG78w,Amber Heard’s Assistant Exposes Her For Lying
244,https://www.youtube.com/watch?v=T2mTdosMbIE,Amber Heard Thinks Her Career Is Safe?
245,https://www.youtube.com/watch?v=WpnC0BaNKRs,"""I Kicked Him"" Amber Heard Admits She Did Not Only Hit Johnny Depp"
246,https://www.youtube.com/watch?v=J2k3brWabyE,Amber Heard WRECKED with ACLU BOMBSHELL! PROOF!
247,https://www.youtube.com/watch?v=S5N8Grc3n0I,*NEW* Evidence Revales Johnny Depp Will Lose the case against Amber Heard!
248,https://www.youtube.com/watch?v=agcbWc4oGiU,I Was WRONG | Amber Heard Is A Victim (SATIRE) #MeTooes #DarthVault
249,https://www.youtube.com/watch?v=QWHk-08HkBA,Amber Heard Is FINISHED! Why She's Losing ALL Her Supporters! Amber Heard Johnny Depp Lawsuit UPDATE
250,https://www.youtube.com/watch?v=TadJiYYjufw,🚨 Livestream Talking About The Johnny Depp vs Amber Heard Case
251,https://www.youtube.com/watch?v=vjWOd9EOjzY,Heard's Sister WRECKS Amber ON THE STAND! ACCIDENTALLY backs Depp!
252,https://www.youtube.com/watch?v=PRSghFFOY48,"""AMBER LIED!"" Elon Musk Donated Money To ACLU For Amber Heard | Celebrity Craze"
253,https://www.youtube.com/watch?v=jQsPosbb3Xk,Amber Heard's Case Dismissal Explained Part 2
254,https://www.youtube.com/watch?v=ItlTfcxr9Ck,The Psychology of Amber Heard. PART 1.
255,https://www.youtube.com/watch?v=JTifBCtUPjY,Johnny Depp Wants Proof That Amber Heard's Divorce Settlement Was Donated
256,https://www.youtube.com/watch?v=q6ynGI_FY-8,"Big Win For Amber Heard, Bad News For Johnny Depp"
257,https://www.youtube.com/watch?v=1A_A3S9QkMU,"""AMBER DONE"" Johnny Depp’s BIG WIN as Amber Heard’s Defense Falls Apart | Celebrity Craze"
258,https://www.youtube.com/watch?v=EGS-ZB_2Gsw,Johnny depp and Amber heard Full Controversy Explained
259,https://www.youtube.com/watch?v=PaVtBzuBJaY,"Amber Heard Denies Fabricating Injuries, Cheating On Johnny Depp"
260,https://www.youtube.com/watch?v=EM0FOEzowak,Amber Heard stans INFECT Reddit?! Johnny Depp supporters NOT ALLOWED!
261,https://www.youtube.com/watch?v=59S6TOxsW3Q,"Amber Heard PROVOKING Depps Fans With ""Aquaman 2"" IG Post!"
262,https://www.youtube.com/watch?v=WdAD8GO0Yjw,Celebrities DEFENDING Johnny Depp against Amber Heard
263,https://www.youtube.com/watch?v=3Vywz8T4_M4,8 Times Johnny Depp Tried To WARN Us About Amber Heard!!
264,https://www.youtube.com/watch?v=NCZUqJc-jhU,Johnny Depp & Amber Heard: The Truth and Timeline of The Case
265,https://www.youtube.com/watch?v=EYo38Ffrzxk,Amber Heard Hearts Johnny Depp
266,https://www.youtube.com/watch?v=eTrNf4RRvEo,Top 10 Times Johnny Depp Tried To Warn Us About Amber Heard
267,https://www.youtube.com/watch?v=FOYAyE3XL58,10 Celebrities That Tried To Warn Us About Amber Heard
268,https://www.youtube.com/watch?v=vyI_k__Dupg,Celebrities That Exposed Amber Heard For Lying!
269,https://www.youtube.com/watch?v=tl6DbXTue9k,Amber Heard Faces 10 Years In Prison For *Secret* BRIBE!
270,https://www.youtube.com/watch?v=Pw2J1sExZPo,The Shocking Truth of Amber Heard vs Johnny Depp Revealed | InformOverload
271,https://www.youtube.com/watch?v=UvsHWTGHmts,Amber Heard Faces 10 Years In Prison For Accusations Against Johnny Depp!!!
272,https://www.youtube.com/watch?v=Qw9L6zYkuMU,10 Celebrities That Tried To Warn Us About Amber Heard
273,https://www.youtube.com/watch?v=P3dQYnzG75w,Unedited Full TMZ video of Amber Heard giggling after secretly recording Johnny Depp.
274,https://www.youtube.com/watch?v=zi079huC3Oc,Amber Heard LOSES it on TWITTER and ATTACKS Depp!
275,https://www.youtube.com/watch?v=QeYRrzb9HK0,NEW PROOF Amber Heard Lied MULTIPLE Times! | This Will Only Help Johnny Depp!
276,https://www.youtube.com/watch?v=8-AE441SoHU,Real Reason Behind Johnny Depp & Amber Heard Divorce | Comicnity Hindi
277,https://www.youtube.com/watch?v=XVL4Bn3uLxs,Johnny depp amber heard newest voice recording and ambers deposition 17 . 3 . 2020
278,https://www.youtube.com/watch?v=g4h1BavIDnk,"""SHUT UP AMBER"" Judge Stops Listening To Amber Heard - Johnny Depp Lawsuit | Celebrity Craze"
279,https://www.youtube.com/watch?v=LryuqQ-Pb_M,Everything You Need To Know About Amber Heard
280,https://www.youtube.com/watch?v=df249mYJ3o0,The Rich Lifestyle of Amber Heard 2020
281,https://www.youtube.com/watch?v=lsdDSGMXZHc,Johnny Depp Reacts To Amber Heard Being In Aquaman 2
282,https://www.youtube.com/watch?v=TGkUT5vsO68,"Video: Amber Heard, 'The Informers'"
283,https://www.youtube.com/watch?v=5-cqZ8-Mi6U,Amber Heard & Elon Musk Affair [ Explained in Hindi ] | Comicnity Hindi
284,https://www.youtube.com/watch?v=uFOu6HBgNm8,"Amber Heard's Lifestyle 2020 ★ New Boyfriend, Net worth & Biography"
285,https://www.youtube.com/watch?v=4r8UJv97GjM,Body Language Proof Amber Heard Is The Worst Actor In The World Lying About Johnny Depp
286,https://www.youtube.com/watch?v=gkXopJSPK4I,The Truth About Amber Heard
287,https://www.youtube.com/watch?v=6JlrYRnqty8,Amber Heard STAN Tries to FRAME Remove Amber Petition!
288,https://www.youtube.com/watch?v=mZtXnBmIaOQ,Johnny Depp Vs Amber Heard: *Disturbing* PROOF Revealed
289,https://www.youtube.com/watch?v=wsoj6fGF8fQ,Johnny Depp got Fired and lost the Case | Shwetabh Gangwar
290,https://www.youtube.com/watch?v=3gLxNtqhR18,Johnny Depp fans demand Amber Heard is sacked from Aquaman - producer responds ( Magazine News )
291,https://www.youtube.com/watch?v=7nITnSIfqec,Amber heard
292,https://www.youtube.com/watch?v=n2q-kN4GIwg,10 Times Johnny Depp Tried To Warn Us About Amber Heard : Johnny Depp & Amber Heard
293,https://www.youtube.com/watch?v=U16bgD5Bjww,Johnny Depp DEMANDS ACLU SHOW PROOF of Amber Heard's Donation | Celebrity Craze
294,https://www.youtube.com/watch?v=rTd15KqHEe0,Amber Heard Needs to be Stopped!
295,https://www.youtube.com/watch?v=1EEYwI-7ZUU,AQUAMAN 2 Producer Won't Fire Amber Heard Despite Fans' Demands
296,https://www.youtube.com/watch?v=TmcfzG0IY7Q,Video: 'Get the f*** up!' Amber Heard recounts Johnny Depp screaming
297,https://www.youtube.com/watch?v=zg78KGkfcyA,Aquaman 🔥 Amber Heard Status | Attitude Whatsapp Status | Faishal Meer Status
298,https://www.youtube.com/watch?v=8wkdX7slq7E,Justice for 💞😍Johnny depp 🥺💞 #viral #trending #shorts #johnnydepp #amberheard #captainjacksparrow
299,https://www.youtube.com/watch?v=hxdvXoOBIhs,Johnny Depp's Categorizes Amber Heard a Gold Digger and a 50 Cent Stripper
300,https://www.youtube.com/watch?v=kJQ7h3TahgA,"Amber Heard Biography (Age, Affairs, Breast Size etc)"
301,https://www.youtube.com/watch?v=bcIBateEM98,Johnny Depps Big Win | Johnny Depp Vs Amber Heard | ACLU
302,https://www.youtube.com/watch?v=voQn3Yfdz-g,Top 10 Amber Heard Movies
303,https://www.youtube.com/watch?v=ucRsDXgrGME,Response To ET Canada Amber Heard Playlist!!
304,https://www.youtube.com/watch?v=IRDVIXa_5EM,Aquaman 2 Producer doesn't care about Fan Backlash For Amber Heard
305,https://www.youtube.com/watch?v=Pp1NbpdVTms,Amber Heard ❤️ full screen WhatsApp status 💓💓 // Rate for beuty 💓 #shorts #amberheardfan❤️
306,https://www.youtube.com/watch?v=3lBStqzf0lA,Johnny Depp Victim Blaming Amber Heard AGAIN  Audio
307,https://www.youtube.com/watch?v=yBhFDZ5AK1c,Aquaman 2 producer gets candid about Amber Heard's return
308,https://www.youtube.com/watch?v=0EnWvkLrBo0,Aquaman 2 Producer Peter Safran Defends Amber Heard & Slams Johnny Depp Supporters
309,https://www.youtube.com/watch?v=eGNYl1qcXYI,Amber Heard is a snake 🐍
310,https://www.youtube.com/watch?v=YO_Kq-CYpTM,|| Amber Heard Aquaman Best Whatsapp Status Ever || #amberheard #marvel #vs!
311,https://www.youtube.com/watch?v=79v7Jg9qUXI,Is Amber Heard A Serial Abuser? Response To Benjamin Barrett-Peacock(Amber Heard Playlist!!)
312,https://www.youtube.com/watch?v=eDXxjVQO6tg,Amber Heard🔥 Beautiful Looks 😍
313,https://www.youtube.com/watch?v=ECBgokbr8HA,Johnny Depp WINS motion forcing ACLU to reveal if Amber Heard ever donated $7M divorce settlement
314,https://www.youtube.com/watch?v=s8XEA4tEMMI,Amber Heard Faces Prison After This…
315,https://www.youtube.com/watch?v=HDufGkXqhv4,Amber Heard REVEALS she has a BABY via SURROGATE! WTF!
316,https://www.youtube.com/watch?v=tH-fSbOeUbE,ExTerminators
317,https://www.youtube.com/watch?v=QmKcX0CxDdo,Judge sides with Johnny Depp ACLU must reveal if Amber Heard donated $7M
318,https://www.youtube.com/watch?v=qDznaAOYgLQ,Amber Heard  ❤️ || Beautiful Actress ❤️ || full screen 4k whatsapp status create by fdp fdp#shorts
319,https://www.youtube.com/watch?v=hpe6K1XwO6k,Johnny Depp snagged a victory in his court battle against ex-wife Amber Heard #Shorts
320,https://www.youtube.com/watch?v=rjb6H6h6QpQ,Amber heard riding cycle in london
321,https://www.youtube.com/watch?v=yt0JnU_Iwsk,Johnny Depp wins against Amber Heard
322,https://www.youtube.com/watch?v=TuE8XwIJ-QA,Amber Heard 👼 New Whatsapp Status |Trending vedio |#shorts #youtubeshorts#supergirl #glovin4r#status
323,https://www.youtube.com/watch?v=WWezsWF_Rok,Amber Heard Not Fired From 'Aquaman 2' Despite Pressure From Johnny Depp Fans To Get Her Axed From F
324,https://www.youtube.com/watch?v=VPUUrdgxIa8,Amber Heard's Sexy Prank On Liam Hemsworth | CONAN on TBS
325,https://www.youtube.com/watch?v=-ZDxSWjFvyM,Charity to reveal if Amber Heard donated $7M Johnny Depp divorce settlement
326,https://www.youtube.com/watch?v=K8Jjaw0YT3c,AMBER HEARD Transformation - From 7 To 31 Years | Then and Now | Childhood | Before famous | After
327,https://www.youtube.com/watch?v=bkbCZI7NjAo,Amber Heard Had a BABY!
328,https://www.youtube.com/watch?v=j8pnMR7ZFD0,"Producer Foolishly Thinks AH is ""Best"" for Aquaman 2"
329,https://www.youtube.com/watch?v=S9aITMV6Nk8,Late Night talks ‘Aquaman 2’ Producer Shuts Down Johnny Depp Fans Over Pressure to Fire Amber Heard
330,https://www.youtube.com/watch?v=KnXnTK4ixV0,Amber Ivy pornstar | interview before shooting
331,https://www.youtube.com/watch?v=rGn3aJZmO2U,Johnny Depp win legal battle over Amber heard
332,https://www.youtube.com/watch?v=756Fz875IxU,Amber Heard full new status video. #amberheard
333,https://www.youtube.com/watch?v=8E7OGeyaSBg,Amber Heard's DEFENSE RUINED by Depp's NEWEST Appeal BOMBSHELL!
334,https://www.youtube.com/watch?v=YfX71vZ3Q8U,The INSANE Lifestyle of Johnny Depp
335,https://www.youtube.com/watch?v=w8pxTY5urbw,Amber Heard || Whatsapp status || 😍😍
336,https://www.youtube.com/watch?v=poSU5v1y5m4,10 Times Johnny Depp Warned Us About Amber Heard
337,https://www.youtube.com/watch?v=I7I7MY8A6xw,Did Amber Heard Flirt with Zack Snyder to STAY in Aquaman 2?
338,https://www.youtube.com/watch?v=-B1LFjDUh9g,Johnny Depp appeal finally brings JUSTICE?! Amber Heard charity lie EXPOSED!
339,https://www.youtube.com/watch?v=ZkhUbKhmb9M,Johnny Depp Gets Candid About His Divorce From Amber Heard & Recent Financial Troubles | Access
340,https://www.youtube.com/watch?v=PpXrp_VuJu8,Depp V Heard. Britney. Markle. Blizzard! LIVE!
341,https://www.youtube.com/watch?v=lMTaTbtiaR0,Why is Amber Heard not IN JAIL?? | Why did Johnny Depp Lose his Case? | EZ Law
342,https://www.youtube.com/watch?v=RNxzI_PyNfQ,La INJUSTICIA con Johnny Depp y su SENTENCIA 😡 Explico los motivos 👉 TE ENFADARÁ Amber Heard 😤
343,https://www.youtube.com/watch?v=--72sgCB0_c,"Amber Heard Welcomes First Baby, Daughter Oonagh Paige | PEOPLE"
344,https://www.youtube.com/watch?v=92d5OKc242M,Amber Heard DEMANDS New Judge After Johnny Depp's BIG Win!!! (ACLU DONATIONS)
345,https://www.youtube.com/watch?v=unAONxmeGeU,Johnny Depp's BIG COURT WIN - Amber Heard Feeling Desperate...
346,https://www.youtube.com/watch?v=jQTD2pDwoz4,10 Times Johnny Depp Tried To Warn Us About Amber Heard
347,https://www.youtube.com/watch?v=0mUOxTQoPqA,Amber Heard REACTS TO #FireAmberHeard Movement... (Aquaman 2)
348,https://www.youtube.com/watch?v=Grlao4wLRBc,JOHNNY DEPP: AGRESSEUR OU AGRESSÉ - partie 2 #GIVDT 40
349,https://www.youtube.com/watch?v=gMqDD7Z7Fnw,AMBER HEARD ABUCHEADA - JUICIO JOHNNY DEPP vs THE SUN
350,https://www.youtube.com/watch?v=7Kqq9LT-Pk8,"¡HASTA SIEMPRE AMBER HEARD! ¿Biden es un VAMPIRO? El FIN de Yao Cabrera, Britney Spears, Kanye y mas"
351,https://www.youtube.com/watch?v=mDGm8MTQw-M,AMBER HEARD pierde el juicio: ¡Se confirma que mintió sobre JOHNNY DEPP y es abucheada!
352,https://www.youtube.com/watch?v=ip3OBqUeGLk,Amber Heard's assistant tells her side of the story
353,https://www.youtube.com/watch?v=0FThv_a-xo4,Amber Heard ACLU Emails EXPOSED! Amber Caught Lying AGAIN! | Celebrity Craze
354,https://www.youtube.com/watch?v=hN8bZmmZK_4,Johnny Depp Speaks on Why Amber Heard has Not Been Fired Yet!
355,https://www.youtube.com/watch?v=kISALzjLUZY,Second Leaked Audio Of Amber Heard And Johnny Depp Released
