No,link,title
1,https://www.youtube.com/watch?v=wgfUsGLfPpQ,Johnny Depp Gets REVENGE On Amber Heard! HUGE WIN For Johnny Depp!
2,https://www.youtube.com/watch?v=pZR2_v4UpgI,Amber Heard’s Lawyer EXPOSES Her For Ruining Johnny Depp
3,https://www.youtube.com/watch?v=5Pyqq3KZCOg,Johnny Depp gana demanda a Amber Heard; actriz deberá comprobar que donó dinero de su divorcio
4,https://www.youtube.com/watch?v=IfZzdVZrPuI,Amber Heard Friends Testify AGAINST Her & Side With Johnny Depp
5,https://www.youtube.com/watch?v=GZNKlZu-i2o,Amber Heard Apologies to Johnny Depp after Losing ALL Her Movie Roles
6,https://www.youtube.com/watch?v=Xlf58om_C9E,Aquaman 2 Producer Slams Johnny Depp Fans Over Pressure to Fire Amber Heard & says They Don't Care
7,https://www.youtube.com/watch?v=Wahd_gszuBA,'Aquaman' Producer Responds To Johnny Depp Fans Pushing For Amber Heard's Firing From Sequel
8,https://www.youtube.com/watch?v=clAb4LQ5wic,FRIGHTENING Abuse! Aquaman 2 Supports LIAR Amber Heard!?
9,https://www.youtube.com/watch?v=EhnKxb99Li8,[FULL VERSION] Amber Heard filming Johnny Depp smashing kitchen cupboards
10,https://www.youtube.com/watch?v=PpS55f5yBsY,The Complicated History Of Johnny Depp And Amber Heard | Corporate Casket
11,https://www.youtube.com/watch?v=EGS-ZB_2Gsw,Johnny depp and Amber heard Full Controversy Explained
12,https://www.youtube.com/watch?v=n6j5rYBUAeM,"Sex, drugs and dirty laundry: inside the Johnny Depp and Amber Heard case | 60 Minutes Australia"
13,https://www.youtube.com/watch?v=VzG4rT-BDEA,Amber Heard PSYCHOTIC in elevator James Franco drug dealer #JusticeforJohnnyDepp sorry Johnny Depp
14,https://www.youtube.com/watch?v=So9UkwrMQjM,"Actors Furiously REACT To Working with Amber Heard (Jason Momoa, Emilia Clarke, Nicole Kidman)"
15,https://www.youtube.com/watch?v=8Jvmru8T3k4,The Sad Truth About Angelina Jolie's Transgender Son
16,https://www.youtube.com/watch?v=e299QlMywk4,“She Should Be in Jail” Johnny Depp Speaks on Amber Heard (Video)
17,https://www.youtube.com/watch?v=bUJTw20Qtkg,"Celebrities Apologizing For Defending Amber Heard! (Elon Musk, Jason Momoa, etc.)"
18,https://www.youtube.com/watch?v=iT2Kiyt7-rk,Amber Heard on the Stand in Johnny Depp's Libel Case
19,https://www.youtube.com/watch?v=dvc_HbwjIco,AMBER HEARD DESTROYED MY CAREER: Johnny Depp SPEAKS UP ON Losing His Acting Career | Celebrity Craze
20,https://www.youtube.com/watch?v=X7PWjY8g3gk,Amber Heard vs Johnny Depp: Comparison of Depositions
21,https://www.youtube.com/watch?v=NCZUqJc-jhU,Johnny Depp & Amber Heard: The Truth and Timeline of The Case
22,https://www.youtube.com/watch?v=Bu1uOt5Tyoc,Elon Musk Speaks Against Amber Heard & Defends Johnny Depp!!!
23,https://www.youtube.com/watch?v=WzJD3RhAuI4,AMBER HEARD APOLOGIZES TO JOHNNY DEPP After Losing ALL Movie Roles | Celebrity Craze
24,https://www.youtube.com/watch?v=pLYxM0ztStg,"""I LIED"" Amber Heard Apologies to Johnny Depp (IG LIVE VIDEO)"
25,https://www.youtube.com/watch?v=dJe8bl_BLDE,Amber Heard Faces Prison After This…
26,https://www.youtube.com/watch?v=lGbPKZrs368,"""AMBER GETS BETRAYED"" Amber Heard Lawyers Leaked Information to Johnny Depp | The Gossipy"
27,https://www.youtube.com/watch?v=641Ap5N97xM,UNCENSORED Body Cam Footage Proves Amber Heard Lied About Johnny Depp
28,https://www.youtube.com/watch?v=B9ZaUwfDvg4,Amber Heard’s Lawyer QUITS & EXPOSES Amber For Ruining Johnny Depp!?
29,https://www.youtube.com/watch?v=A3jYed_iCs4,Johnny Depp Sits With Us & Opens Up About Amber Heard
30,https://www.youtube.com/watch?v=tdXBUL9WunQ,Johnny Depp FINALLY Speaks On How Amber Heard Tried To Ruin Him
31,https://www.youtube.com/watch?v=XyMEZYv1hB8,AMBER'S IN PRISON - Johnny Depp Doesn't KNOW WHY Amber Heard Isn't In JAIL | Celebrity Craze
32,https://www.youtube.com/watch?v=Awc1OjPIdK8,Charity to reveal if Amber Heard donated $7M Johnny Depp divorce settlement
33,https://www.youtube.com/watch?v=rGn3aJZmO2U,Johnny Depp win legal battle over Amber heard
34,https://www.youtube.com/watch?v=jnUHvaBQ5Ng,"""FIRE AMBER"" Warner Brothers Wants To FIRE Amber Heard From Aquaman 2 NOW | The Gossipy"
35,https://www.youtube.com/watch?v=yt0JnU_Iwsk,Johnny Depp wins against Amber Heard
36,https://www.youtube.com/watch?v=-ZDxSWjFvyM,Charity to reveal if Amber Heard donated $7M Johnny Depp divorce settlement
37,https://www.youtube.com/watch?v=hpe6K1XwO6k,Johnny Depp snagged a victory in his court battle against ex-wife Amber Heard #Shorts
38,https://www.youtube.com/watch?v=Og0IHIsf9Hg,johnny depp & amber heard best status # shorts | WhatsApp status |
39,https://www.youtube.com/watch?v=hKDeEwILRVk,Johnny Depp gan@ demanda a Amber Heard; actriz deberá comprobar que donó dinero de su divorcio
40,https://www.youtube.com/watch?v=UCCh-zVJWCs,Celebrities That Defended Johnny Depp Against Amber Heard
41,https://www.youtube.com/watch?v=BKPZcUAhKhs,"""I WENT TOO FAR"" Amber Heard Apologises to Johnny Depp (IG LIVE VIDEO)"
42,https://www.youtube.com/watch?v=bx1_Kok59aQ,Johnny Depp's HUGE Win Over Amber Heard & the ACLU!
43,https://www.youtube.com/watch?v=DkRFRQA2nk8,Johnny Depp Speaks On Amber Heard Ruining Her Own Career
44,https://www.youtube.com/watch?v=dvc_HbwjIco,AMBER HEARD DESTROYED MY CAREER: Johnny Depp SPEAKS UP ON Losing His Acting Career | Celebrity Craze
45,https://www.youtube.com/watch?v=rzD87uGjuq0,"""Why Me"" Amber Heard Reacts To Being REMOVED from Aqua Man 2"
46,https://www.youtube.com/watch?v=tMOqCTsr8Yc,Amber Heard LOSES IT In Court Against Johnny Depp (Lawsuit Update!)
47,https://www.youtube.com/watch?v=CgA2iLului4,"""AMBER'S SHOCKED"" AMBER HEARD JUST LOST IN COURT - ADMITS Johnny Depp WAS RIGHT | Celebrity Craze"
48,https://www.youtube.com/watch?v=Kbu5Ozqb2oU,Watch Johnny Depp Prank Amber Heard on 'Overhaulin'!
49,https://www.youtube.com/watch?v=M3KkSpCRGUA,Johnny Depp e Amber Heard áudios legendados - PARTE 1
50,https://www.youtube.com/watch?v=kISALzjLUZY,Second Leaked Audio Of Amber Heard And Johnny Depp Released
51,https://www.youtube.com/watch?v=buVElkCX3Mg,Amber Heard Exposed By Her Lawyer For Ruining Johnny Depp
52,https://www.youtube.com/watch?v=wSUW_8wcT6I,"AMBER HEARD SHUTDOWN - Truth Comes Out About Johnny Depp, Disney, Amber's Lies | The Gossipy"
53,https://www.youtube.com/watch?v=Cg9SvQSMnoE,Johnny Depp & Amber Heard:  Abuser Amber tells Johnny nobody will believe him! NEW UNCENSORED AUDIO!
54,https://www.youtube.com/watch?v=2A0tXMEXrX8,Amber Heard Speaks On Johnny Depp Losing The Case
55,https://www.youtube.com/watch?v=M1lxGj_KkyQ,Amber Heard OFFICIALLY Gets Sentenced To Four Years In Prison!!! (Johnny Depp Victory)
56,https://www.youtube.com/watch?v=lDwQ5zpHMD0,"""We Were Wrong"" Disney Rehires Johnny Depp After Beating Amber Heard!"
57,https://www.youtube.com/watch?v=neQOHMNa-lk,Amber Heard Reacts to The Court STOPPED Listening To Her…
58,https://www.youtube.com/watch?v=unAONxmeGeU,Johnny Depp's BIG COURT WIN - Amber Heard Feeling Desperate...
59,https://www.youtube.com/watch?v=k7q9YLsne90,Johnny Depp - po ujawnieniu nagrań wreszcie odzyska dobre imię?
60,https://www.youtube.com/watch?v=tDyEIfYRIME,Amber Heard FIRED From Aquaman 2 after Johnny Depp Lawsuit?!
61,https://www.youtube.com/watch?v=SljNV1Yj6-0,Johnny Depp und Amber Heard: Die neuen Beweise aus der berühmten Nacht
62,https://www.youtube.com/watch?v=Sdt6z357q_k,"Johnny Depp - wielka przegrana w sądzie z Amber Heard, to koniec jego kariery?"
63,https://www.youtube.com/watch?v=81OfA8pWNUI,"Johnny Depp Vs Amber Heard : Les Dépositions, Nouvelles Preuves, Demandes De La Cour Americaine Etc"
64,https://www.youtube.com/watch?v=Ar1Kk-X0GG8,Amber Heard's Lawyer Messes Up BIG TIME! Great News for Johnny Depp!
65,https://www.youtube.com/watch?v=I2hsmifH7oo,Johnny Depp Wants Amber Heard Sanctioned!
66,https://www.youtube.com/watch?v=vNCZ8Zy7J5U,Johnny Depp WINS Against Amber Heard In Defamation Case...!!!?
67,https://www.youtube.com/watch?v=w9D6x3VAdBw,"Amber Heard to Johnny Depp: 'I do remember, I did mean to hit you'"
68,https://www.youtube.com/watch?v=C1Qe3rAUj1c,Explicando Johnny Depp VS Amber Heard polémica
69,https://www.youtube.com/watch?v=zis29lX5xqQ,جوني ديب وأمبير هيرد | Johnny depp and Amber heard
70,https://www.youtube.com/watch?v=4t4-ECavqPs,L'Affaire Johnny Deep & Amber Heard [De 2016 à 2020]
71,https://www.youtube.com/watch?v=e299QlMywk4,“She Should Be in Jail” Johnny Depp Speaks on Amber Heard (Video)
72,https://www.youtube.com/watch?v=TiW2Xpu1wPc,Johnny Depp Speaks On Amber Heard Ruining Her Own Career
73,https://www.youtube.com/watch?v=4C1qUiHd6yc,Johnny Depp & Amber Heard: The Explosive Fight | TMZ Live
74,https://www.youtube.com/watch?v=vVuizlwEMmA,Johnny Depp and Amber Heard Fight | Johnny and Amber Heard Divorced Controversy |#johnnydepp #Shorts
75,https://www.youtube.com/watch?v=gEfWUbRfFR8,How Amber Heard Destroyed Her Own Career
76,https://www.youtube.com/watch?v=Jka1JsBBmCU,"""It's Horrible"" Jason Momoa Reaction to Working With Amber Heard (VIDEO)"
77,https://www.youtube.com/watch?v=BcKRsYHoKIM,Amber Heard Aquaman' den Atıldı Mı? | Amber Heard & Johnny Depp Güncellemesi
78,https://www.youtube.com/watch?v=pF-lqnM0kbM,Johnny Depp About To Win Against Amber Heard Because of This?!
79,https://www.youtube.com/watch?v=sXBb6KbmfCE,Johnny Depp Leaked Video Talking About Amber Heard...
80,https://www.youtube.com/watch?v=kNIX9_jhC2A,Judge LOSES IT After Amber Heard Tries to Get Case Dismissed For the THIRD TIME!
81,https://www.youtube.com/watch?v=B7arR1VddEs,PROOF Amber Heard LIED About Johnny Depp: NEW BODYCAM FOOTAGE | Celebrity Craze
82,https://www.youtube.com/watch?v=WzJD3RhAuI4,AMBER HEARD APOLOGIZES TO JOHNNY DEPP After Losing ALL Movie Roles | Celebrity Craze
83,https://www.youtube.com/watch?v=VzG4rT-BDEA,Amber Heard PSYCHOTIC in elevator James Franco drug dealer #JusticeforJohnnyDepp sorry Johnny Depp
84,https://www.youtube.com/watch?v=ZfeM6J5yGBg,Evidence proving Amber Heard was abusive to Johnny Depp (in under 5 minutes)
85,https://www.youtube.com/watch?v=AKSQk1KayeA,Amber Heard LOSES Case After All Witnesses Take Johnny Depp's Side!!! (Amber's LIES EXPOSED)
86,https://www.youtube.com/watch?v=5jOeRgb0hGo,Amber Heard Taunts Johnny Depp - another audio leaked!
87,https://www.youtube.com/watch?v=eDswApK6vR8,Johnny Depp and Amber Heard Full Controversy Explained | Comicnity Hindi
88,https://www.youtube.com/watch?v=gpYzJkm_5os,LIVE Johnny Depp vs Amber Heard Case
89,https://www.youtube.com/watch?v=BZtuJ2QYRVo,El BRUTAL CASO de AMBER HEARD y JOHNNY DEPP EXPLICADO de MANERA SENCILLA
90,https://www.youtube.com/watch?v=iBQ-H8EPjW0,Johnny Depp i Amber Heard - czy prawda wreszcie ujrzała światło dzienne?
91,https://www.youtube.com/watch?v=M2dmoT8Lscc,"""SERIOUSLY AMBER?"" Amber Heard Drops 10 Years of Johnny Depp’s Personal Info | The Gossipy"
92,https://www.youtube.com/watch?v=wYiU3yOUx6w,Amber Heard REACTS To Being SENTENCED To 4 Years In Prison!
93,https://www.youtube.com/watch?v=1A_A3S9QkMU,"""AMBER DONE"" Johnny Depp’s BIG WIN as Amber Heard’s Defense Falls Apart | Celebrity Craze"
94,https://www.youtube.com/watch?v=rvu3YySCPHo,Amber Heard - Johnny Depp Fight Analyzed by a Couples Therapist
95,https://www.youtube.com/watch?v=h-wpBkiMKd0,"Caso de Johnny Depp y Amber Heard: Amber es atrapada mintiendo bajo juramento, Subitulos español"
96,https://www.youtube.com/watch?v=bCk2xMs6j8M,"Celebrities DEFENDING Johnny Depp against Amber Heard (Elon Musk, Jason Momoa, Sia, Alice Cooper)"
97,https://www.youtube.com/watch?v=FLOlOYsKsZs,Heard PANICS as HER LAWYER is ASKED TO TESTIFY?! He KNOWS EVERYTHING!
98,https://www.youtube.com/watch?v=4pRGWRy7TmM,BIG WIN For JOHNNY DEPP! Amber Heard ADMITS Op-Ed WAS About Him!
99,https://www.youtube.com/watch?v=kHTp6HdKI_Y,Johnny Depp WINS Defamation Case AGAINST Amber Heard!!
100,https://www.youtube.com/watch?v=O1Rrb3ET21c,Celebrities Who SPOKE UP About Amber Heard's Lies
101,https://www.youtube.com/watch?v=3YHmbJEvn40,Heard BEGS the COURT to STOP as even the MEDIA BACKS DEPP?!
102,https://www.youtube.com/watch?v=B9MtG3e1ubw,"""Amber Slept Her Way To The Top"" Emilia Clarke Reveals How Amber Heard Got The Part In Aquaman!"
103,https://www.youtube.com/watch?v=1rM7cg0PNyY,20 Statements Confirm JOHNNY DEPP Is INNOCENT!! Amber Heard LIES!!
104,https://www.youtube.com/watch?v=xFaa6c4iCHc,Jason Momoa Furiously Reacts to Amber NOT Being Fired for Aquaman 2
105,https://www.youtube.com/watch?v=buSAIbP7dnA,Johnny Depp RESPONDS To Amber Heard's Apology... (Court Case Updates!!!)
106,https://www.youtube.com/watch?v=RovrVHHQXK4,JOHNNY DEPP Se tornou a VÍTIMA depois do ÁUDIO VAZADO com AMBER HEARD
107,https://www.youtube.com/watch?v=-N8nWIyblhE,Elon Musk ATTACKED Amber Heard: NOT Johnny Depp! - WITNESS BOMBSHELL
108,https://www.youtube.com/watch?v=1p_B6Po9MTc,Amber Heard vs Johnny Depp | The making of a toxic narcissist | ft. Leslee Powers
109,https://www.youtube.com/watch?v=Pw2J1sExZPo,The Shocking Truth of Amber Heard vs Johnny Depp Revealed | InformOverload
110,https://www.youtube.com/watch?v=OsMkDBajMa0,"Johnny Depp and His Wife Amber Heard Big Entry | Johnny Depp Mass Entry | Johnny Depp, Amber Heard"
111,https://www.youtube.com/watch?v=wXN7vi9YoZg,Johnny Depp y Amber Heard: una lucha interminable continúa en 2021 | ¡HOLA! TV
112,https://www.youtube.com/watch?v=ReeWCg8kp2o,Amber Heard Thought Johnny Depp Would KILL Her / AUDIO
113,https://www.youtube.com/watch?v=pwKoZD4sGO0,Johnny Depp Exposes Amber Heard Emails
114,https://www.youtube.com/watch?v=XH9jY8cFHn0,Amber Heard : pourquoi est-elle cancelled ? (enregistrements audio FR)
115,https://www.youtube.com/watch?v=gJ4C74byhEE,BAGAIMANA AMBER HEARD MEMANIPULASI KITA SEMUA
116,https://www.youtube.com/watch?v=mDGm8MTQw-M,AMBER HEARD pierde el juicio: ¡Se confirma que mintió sobre JOHNNY DEPP y es abucheada!
117,https://www.youtube.com/watch?v=gcIYyGrQFTk,Johnny Depp looking uneasy around abuser Amber Heard
118,https://www.youtube.com/watch?v=mpJLRodyNTs,Proof Amber Heard Cheated On Johnny Depp With Elon Musk
119,https://www.youtube.com/watch?v=2XtaTEAt9N4,How Amber Heard destroyed Johnny Depp TikTok: charlesperalo
120,https://www.youtube.com/watch?v=XNRsWtL7nMo,TOÀN CẢNH VỤ LÙM XÙM CỦA JOHNNY DEPP VÀ AMBER HEARD CHO ĐẾN HIỆN TẠI!
121,https://www.youtube.com/watch?v=74bDLtT6Khw,10 Celebrities Who Defended Johnny Depp Against Amber Heard...
122,https://www.youtube.com/watch?v=IWrqeI-2Vp8,AMBER CHEATED ON JOHNNY - Proof Amber Heard Cheated On Johnny Depp With Elon Musk | Celebrity Craze
123,https://www.youtube.com/watch?v=DTlOZn2F0Xc,Elon Musk Speaks Against Amber Heard  and DEFENDS Johnny Depp
124,https://www.youtube.com/watch?v=p_LHSUmJgS8,Amber Heard CAUGHT FAKING Evidence! | This Is a HUGE For Johnny Depp!
125,https://www.youtube.com/watch?v=TK0wI6m7kc8,"Dissecting The Amber Heard/Johnny Depp Audio: Highlighting Gaslighting, stonewalling, manipulation."
126,https://www.youtube.com/watch?v=yr2MWMrT8yw,AMBER HEARD SHOCKED To Hear Elon Musk REGRETS DATING Her - Johnny Depp Lawsuit | Celebrity Craze
127,https://www.youtube.com/watch?v=7iqqFEfT82Q,“She’s Untalented” Jason Mamoa speaks on Working with Amber Heard
128,https://www.youtube.com/watch?v=74z8RUi3Tu0,AMBER HEARD va a perder: ¡FILTRAN sus emails privados y revelan su peor SECRETO!
129,https://www.youtube.com/watch?v=poyCzmHadrM,REVELAN AUDIO confirmando que Amber Heard GOLPEABA a Johnny Deep
130,https://www.youtube.com/watch?v=_DRr6FMZ9Ws,Amber Heard & Johnny Depp: The Phone Call / FULL AUDIO
131,https://www.youtube.com/watch?v=R4DT9WcbUfA,Warner BANS Depp as Fantastic Beast 3 FALTERS! SO DESPERATE!
132,https://www.youtube.com/watch?v=Fby6YdDEpFM,"""We're Sorry"" Disney Rehires Johnny Depp After Destroying Amber Heard in Court"
133,https://www.youtube.com/watch?v=qgnkeDWNzgc,Amber Heard OFFICIALLY Apologizes To Johnny Depp About Her Lies...
134,https://www.youtube.com/watch?v=NfOaNcuySr4,"It's time to say Goodbye... Ryan Reynolds, Johnny Depp Amber Heard Emails, & Today's News"
135,https://www.youtube.com/watch?v=dBaTzs9tEJQ,AUDIO: le ammissioni di Amber Heard - SOTTOTITOLI ITALIANO
136,https://www.youtube.com/watch?v=07h7unV55NE,Johnny DEPP v Amber HEARD (The Sun UK): The Appeal Hearing
137,https://www.youtube.com/watch?v=3_1qn0BbsWo,"""FIRE AMBER"" Hollywood STANDS w/ JOHNNY DEPP - Calls For WB To Fire Amber Heard | Celebrity Craze"
138,https://www.youtube.com/watch?v=l7sPKi7DBtU,Johnny Depp flinching when Amber Heard lifted her hand
139,https://www.youtube.com/watch?v=uTMkPIsSn50,Amber Heard Reacts to The Court STOPPED Listening to Her
140,https://www.youtube.com/watch?v=-mIU5PYWfzs,La Doble Vida De Amber Heard Completamente Revelada
141,https://www.youtube.com/watch?v=Mdrefh3zTbg,Amber Heard’s Father Seriously Threatens Johnny Depp...
142,https://www.youtube.com/watch?v=QR9_W4jVEcQ,The FBI Is Coming For Amber Heard - BREAKING! - Justice (Finally?!) For Johnny Depp
143,https://www.youtube.com/watch?v=XyBH0mNZMZQ,The Entire Johnny Depp vs Amber Heard Saga
144,https://www.youtube.com/watch?v=pCOnaRckPFI,Termina el juicio: La violenta relación de Johnny Depp y Amber Heard
145,https://www.youtube.com/watch?v=LMx8qjwI_Ww,WB and AMBER HEARD Say DEPP FANS Are NOT Important !
146,https://www.youtube.com/watch?v=Zb7zNZeDgZg,Amber Heard LOSES BIG as the Judge GOES OFF! Gives DEPP THE WIN!
147,https://www.youtube.com/watch?v=OrK7O1ES-gs,Depp WINS BIG as FANTASTIC BEASTS FAILS! Warner's RUNNING SCARED!
148,https://www.youtube.com/watch?v=2Z-IY1mrFgA,Johnny Depp begs Amber Heard to cut him in disturbing audio recording | Page Six Celebrity News
149,https://www.youtube.com/watch?v=P-MNGeLmlTc,Amber Heard Johnny Depp Leaked Audio Analysis: Our Reaction [Updated with new analysis]
150,https://www.youtube.com/watch?v=Y-3Ni9-jXKQ,JOHNNY DEPP AMBER HEARD RELATIONSHIP TIMELINE
151,https://www.youtube.com/watch?v=WdmYGt5Lwfw,JOHNNY DEPP CUENTA EN SU DECLARACION COMO AMBER HEARD LE CORTO EL DEDO CON UNA BOTELLA
152,https://www.youtube.com/watch?v=lHy1ORGQ0xM,Is Amber Heard an abuser?
153,https://www.youtube.com/watch?v=Y8FwSj8IH4o,PROOF Amber Heard S**T IN Johnny Depp's BED - And MORE!
154,https://www.youtube.com/watch?v=9bXcAjzOdZg,Elon Musk CONFESSES That He's The Father of Amber Heard's Child?!
155,https://www.youtube.com/watch?v=NKTBtprKQnQ,HUGE Breakthrough For Johnny Depp & Amber Heard's Donations!
156,https://www.youtube.com/watch?v=jhkxQZYGrUM,"""JOHNNY'S THE FATHER"" Johnny Depp REACTS To Amber Heard’s New BABY DAUGHTER | Celebrity Craze"
157,https://www.youtube.com/watch?v=5iVs0VfiuU4,"Amber Heard FULL Apology Video - ""I Just Wanted To Be Heard"""
158,https://www.youtube.com/watch?v=6im7YIwVup4,Amber Heard Faces Years of Prison For Accusations Against Johnny Depp
159,https://www.youtube.com/watch?v=9P14gfMm9R8,Johnny Depp e Amber Heard áudios traduzidos/legendados - PARTE 6
160,https://www.youtube.com/watch?v=nbgfdu19nlw,Amber Heard’s Lawyer Exposed Her for Ruining Johnny Depp's Life and Career
161,https://www.youtube.com/watch?v=v-yNa8Jv6wg,AUDIO DE JOHNNY DEPP Y AMBER HEARD SUBTITULADO AL ESPAÑOL
162,https://www.youtube.com/watch?v=jCU18BbfAhY,Johnny Depp: Amber Heard Needs to Shut Up | TMZ Live
163,https://www.youtube.com/watch?v=GShctSD8HNg,10 Times Johnny Depp Tried To Warn Us About AH
164,https://www.youtube.com/watch?v=Jzyfbqc15T0,Celebrities Reaction To Johnny Depp & Amber Heard Fight! (Video)
165,https://www.youtube.com/watch?v=SPQfyxpywps,Breaking Down This Amber Heard/Johnny Depp Situation
166,https://www.youtube.com/watch?v=gMqDD7Z7Fnw,AMBER HEARD ABUCHEADA - JUICIO JOHNNY DEPP vs THE SUN
167,https://www.youtube.com/watch?v=rVZ7_fC_-OE,10 Celebrities That Defended Johnny Depp Against Amber Heard
168,https://www.youtube.com/watch?v=PcNs_fjTjvs,Amber Heard Terancam Dipecat dari Aquaman 2? Deretan Fakta Perlakuan Amber Heard kepada Johnny Depp
169,https://www.youtube.com/watch?v=RNxzI_PyNfQ,La INJUSTICIA con Johnny Depp y su SENTENCIA 😡 Explico los motivos 👉 TE ENFADARÁ Amber Heard 😤
170,https://www.youtube.com/watch?v=zGWheCDobKM,Amber Heard 'terrible' moments
171,https://www.youtube.com/watch?v=R_WOylGwJrk,Johnny Depp And Amber Heard Case OFFICIALLY Cancelled...
172,https://www.youtube.com/watch?v=x7QZlO0amj4,Johnny Depp FINALLY Exposes Amber Heard For Lying
173,https://www.youtube.com/watch?v=BDgktmMv1ZE,Amber Heard Claps Back At Johnny Depp Fans Dragging Her
174,https://www.youtube.com/watch?v=sMw_oETv5tY,Amber Heard RESPONDS To Johnny Depp Lawsuit Setback!
175,https://www.youtube.com/watch?v=UKsyrTPQOEU,Johnny Depp ve Amber Heard Arasında Neler Yaşandı?
176,https://www.youtube.com/watch?v=RK_rqMKSyz4,Johnny Depp Sues Amber Heard For Defamation
177,https://www.youtube.com/watch?v=FDfwVH-ybWQ,"""SHE DESTROYED HER OWN CAREER"" Johnny Depp Finally Reacts To Amber Heard | Celebrity Craze"
178,https://www.youtube.com/watch?v=zheyeR3ruoE,Todo sobre el CASO de JOHNNY DEPP y AMBER HEARD ¿Quién es la victima? 💔
179,https://www.youtube.com/watch?v=BKHLUMnCPTw,Judge ENDS Amber Heard - Johnny Depp Amber Heard Lawsuit UPDATE
180,https://www.youtube.com/watch?v=nfhu-DadOGs,NEW! Anonymous 911 Call Made During Amber Heard & Johnny Depp's Blowout Fight
181,https://www.youtube.com/watch?v=J_w1_7gBNns,Johnny Depp Speaks on Amber Heard Targeting His Son (EMOTIONAL)
182,https://www.youtube.com/watch?v=VsIi2Jk1UKo,MORE Celebrities Come Out Defending Johnny Depp Against Amber Heard *NEW EVIDENCE*
183,https://www.youtube.com/watch?v=MzZSEWEqDx4,Johnny Depp Fans SLAMMED In Amber Heard's HONOR!
184,https://www.youtube.com/watch?v=3lxSQ-xBJd0,Johnny Depp's Lawyer DESTROYS Amber Heard
185,https://www.youtube.com/watch?v=8gqwDWfYDK8,"Tremendo: ¡JOHNNY DEPP perdió y AMBER HEARD se ríe en su cara! Hannah Montana, Sharon Osbourne y mas"
186,https://www.youtube.com/watch?v=Sm8tudSMLCM,Video muestra reacción violenta de Johnny Depp contra Amber Heard
187,https://www.youtube.com/watch?v=YZHhdvfSQ3Y,Amber Heard's Assistant EXPOSES Her For Ruining Johnny Depp
188,https://www.youtube.com/watch?v=Kn1IGhHOIbM,Johnny Depp scores HUGE win! Amber Heard in serious trouble in upcoming Virgina trial thx to ACLU!
189,https://www.youtube.com/watch?v=hYXqDheAzfo,Emilia Clarke REPLACING Amber Heard In Aquaman 2?!
190,https://www.youtube.com/watch?v=g7QY3uedq5k,Amber Heard Speaks On Being SENTENCED To 4 Years In Prison!
191,https://www.youtube.com/watch?v=xU-leHhdV8A,Amber Heard Is In Serious Trouble After Johnny Depp's Lawyers Bring New Evidence
192,https://www.youtube.com/watch?v=8oiB_u4RDiM,"Amber Heard FULL Apology Video - ""This Has Gone Too Far""...!?"
193,https://www.youtube.com/watch?v=mdZQF_EGfCU,"""Shut Your Mouth!"" Judge Silences Amber Heard In Court!"
194,https://www.youtube.com/watch?v=E6UdCB9htTw,Linguist Analyzes Amber Heard’s Unreliable Statements About Johnny Depp
195,https://www.youtube.com/watch?v=JTifBCtUPjY,Johnny Depp Wants Proof That Amber Heard's Divorce Settlement Was Donated
196,https://www.youtube.com/watch?v=qg9H0_ulnCE,Amber Heard Replies To Johnny Depp Fans On Twitter
197,https://www.youtube.com/watch?v=al07kyPdM78,Judge Has Officially Sentenced Amber Heard In US Court...
198,https://www.youtube.com/watch?v=5U8BReZwOcg,Johnny Depp's Alleged Disturbing Texts About Amber Heard Read In Court
199,https://www.youtube.com/watch?v=BEnEuZbUQoo,Johnny Depp Drops APPEALS BOMBSHELL on Amber Heard! He may WIN IT ALL!
200,https://www.youtube.com/watch?v=9jZSrxs3mrs,Elon Musk Defends Johnny Depp & Speaks Against Amber Heard | Bluff Central
201,https://www.youtube.com/watch?v=VypGAD2GyTk,Why Johnny Depp And Amber Heard’s Relationship Is Hollywood’s Biggest Tragedy
202,https://www.youtube.com/watch?v=xLWtX12vHHU,Hat Amber Heard vor Gericht gelogen? Johnny-Zoff geht weiter
203,https://www.youtube.com/watch?v=TadJiYYjufw,🚨 Livestream Talking About The Johnny Depp vs Amber Heard Case
204,https://www.youtube.com/watch?v=NSmF6wmDVOE,Amber Heard' ün İtirafları
205,https://www.youtube.com/watch?v=7-yz2IP_knA,The Real Reason Why Amber Heard Is Lying
206,https://www.youtube.com/watch?v=6o9-YV2QFVA,AUDIO of Johnny Depp PROVING Amber Heard Abused Him !
207,https://www.youtube.com/watch?v=hN8bZmmZK_4,Johnny Depp Speaks on Why Amber Heard has Not Been Fired Yet!
208,https://www.youtube.com/watch?v=9AAaaZGiDo0,TOUTE LA VERITE SUR L'AFFAIRE Johnny Depp - Amber Heard (partie 1) #GIVDT 39
209,https://www.youtube.com/watch?v=PGSa4OzCuMA,Confirmado: ¡AMBER HEARD MIENTE! WINONA RYDER revela la verdad de JOHNNY DEPP
210,https://www.youtube.com/watch?v=3xSB9LfUSEs,Johnny Depp SPEAKS On His Major Win Against Amber Heard In Defamation Case!!!
211,https://www.youtube.com/watch?v=G0Ui9JOXNjk,Judge STOPS LISTENING To Amber Heard! - Johnny Depp Amber Heard Lawsuit!
212,https://www.youtube.com/watch?v=_ZIBQ7ktTD4,Amber Heard's Overhauled Mustang Is Revealed
213,https://www.youtube.com/watch?v=syCVIAP0La4,Amber Heard FORCES Judge To Dismiss Lawsuit  - Johnny Depp Amber Heard Lawsuit UPDATE
214,https://www.youtube.com/watch?v=9601W6sGH3E,"Amber Heard PAID HER SISTER $10,000 to LIE about Johnny Depp in COURT!"
215,https://www.youtube.com/watch?v=hQFFm_X2lps,Body Language Analyst REACTS to Amber Heard's CRINGE Deposition | Faces Episode 15
216,https://www.youtube.com/watch?v=Fpy2Urtgdbo,Johnny Depp VINDICATED! New body cam footage PROVES Amber Heard fabricated evidence under oath!
217,https://www.youtube.com/watch?v=poSU5v1y5m4,10 Times Johnny Depp Warned Us About Amber Heard
218,https://www.youtube.com/watch?v=TjtPXiFsIIY,Celebrities Who SUPPORTED Johnny Depp OVER Amber Heard!
219,https://www.youtube.com/watch?v=dHWWWCGuoS8,"Amber Heard - Niespójności W Zachowaniu - Przejęzyczenia, Zaprzeczenia, Zmyślanie"
220,https://www.youtube.com/watch?v=tDJEoYDVPWo,Johnny Depp VS Amber Heard: Orlando Bloom y otros FAMOSOS que Salieron en DEFENSA de Johhny
221,https://www.youtube.com/watch?v=YVPyBraRags,Jason Momoa Tells The TRUTH On Why Amber Heard Was FIRED From Aquaman 2!!
222,https://www.youtube.com/watch?v=BB-ZhGIDWYA,AMBER HEARD SHOCKED - Accidentally REVEALS HER ENTIRE PLAN To Johnny Depp | Celebrity Craze
223,https://www.youtube.com/watch?v=f0rDc8OZXHA,"Jordi Wild da su dura opinión sobre Johnny Depp y Amber Heard, el juicio y las acusaciones"
224,https://www.youtube.com/watch?v=lnLN7lN4tdM,Z życia Johnny Depp'a i Amber Heard
225,https://www.youtube.com/watch?v=woULP7tJYWk,AMBER HEARD ES ARRASADA POR LOS FANS DE JOHNNY DEPP DESPUÉS DE ANUNCIAR QUE SE CONVIRTIÓ EN MADRE
226,https://www.youtube.com/watch?v=LjokWuzO7Go,Johnny Depp vs Amber Heard Psychic Reading
227,https://www.youtube.com/watch?v=hYNyAmk2yrg,Major Movie Talk [Short News] - ถ้า Amber Heard ผิดจริง อาจติดคุก !!
228,https://www.youtube.com/watch?v=qYhGgU8PLYA,"""STOP IT AMBER"" Judge STOPS Listening To Amber Heard - Johnny Depp Amber Heard Lawsuit | The Gossipy"
229,https://www.youtube.com/watch?v=fiMHnccBJC0,"10 Celebs Who Defended Johnny Depp Against Amber Heard! (Emilia Clarke, Elon Musk, Jason Momoa)"
230,https://www.youtube.com/watch?v=uUte6B7JJYU,'Justice for Johnny Depp' trends as ex-wife Amber Heard begins filming for 'Aquaman 2' | Cobrapost
231,https://www.youtube.com/watch?v=heZvUj9uJm8,😈🧐Johnny Depp y Amber Heard ¿Quién es el narcisista?😇 👿
232,https://www.youtube.com/watch?v=kYPSgNi1Iow,10 Celebrities Who Defended Johnny Depp Against Amber Heard...
233,https://www.youtube.com/watch?v=RAdSqusT0Os,Johnny Depp STRIKES back! Amber Heard lands Elon Musk in the HOT seat! Snyder Cut forgets her!
234,https://www.youtube.com/watch?v=T3y-Dk1G-9w,Amber Heard's THIRD TRY at getting Johnny Depp Lawsuit THROWN OUT
235,https://www.youtube.com/watch?v=jd6Ns-QcaW4,Amber Heard Johnny Depp Leaked Audio Analysis (Part 2): We Laugh & Listen With You
236,https://www.youtube.com/watch?v=T5PKXaMpKzo,"WOW! LEAKED Johnny Depp Amber Heard Audio Sparks Outrage, Iowa Caucus Confusion, & Coronavirus News"
237,https://www.youtube.com/watch?v=j7GpnniRg_E,Amber Heard Confesses that she Abused Johnny Depp when they were married
238,https://www.youtube.com/watch?v=gbtBGKSc0ZY,Here's The Poop That Ended Johnny Depp And Amber Heard's Marriage
239,https://www.youtube.com/watch?v=Nhz9PCbnkkQ,Johnny Depp Goes Off on Amber Heard... Hurls Wine Glass | TMZ
240,https://www.youtube.com/watch?v=7nf7b8iY9V8,Amber Heard's Father Severely Threatens Johnny Depp!!!
241,https://www.youtube.com/watch?v=-t1aBONTmBs,BIGGEST WIN For Johnny Depp Yet! | AMBER Heard is DONE!
242,https://www.youtube.com/watch?v=Ird5DZnNp6U,Why did Amber Heard abuse Johnny Depp?  || BPD Abuse Explained by Josh & Tziporah Goldberg
243,https://www.youtube.com/watch?v=l3P4eNkuIBo,Amber Heard EXPOSED Again! JOHNNY DEPP's Lawyer Questions Her Attorney ERIC GEORGE
244,https://www.youtube.com/watch?v=kE3EjRPRUx8,Johnny Depp Gaslights Amber Heard / AUDIO
245,https://www.youtube.com/watch?v=QQ4OVWGMAXk,AMBER HEARD IS DONE - Aquaman 2 ACTORS HATED Filming With Amber - Support Depp | Celebrity Craze
246,https://www.youtube.com/watch?v=qRXSqkh4tyg,Amber Heard Sentenced To Prison *LIVE FOOTAGE*...!?
247,https://www.youtube.com/watch?v=taTpP1oFjA8,ALL CRUSHING Johnny Depp/ Amber Heard Audio Evidence EXPOSED! (1)
248,https://www.youtube.com/watch?v=mm-vIkcg17o,Why Amber Heard's Acting Body Language Was Just So Bad Lying About Johnny Depp
249,https://www.youtube.com/watch?v=-35beKNGJUA,Celebrities Who Defended Johnny Depp Against Amber Heard With PROOF
250,https://www.youtube.com/watch?v=JyFrgNJQzBs,"Johnny Depp, Amber Heard, Dakota Johnson at Venice Film Festival"
251,https://www.youtube.com/watch?v=k9pbrBmHI58,"Amber Heard & Johnny Depp: The FULL Unedited, Uncut, Uninterrupted Audio / EXCLUSIVE"
252,https://www.youtube.com/watch?v=siGE-fVUHG4,Disney Apologizes To Johnny Depp After This...
253,https://www.youtube.com/watch?v=SOYMA5K8Q7U,Police Body Cam Footage PROVES Amber Heard Lied About Fight With Johnny Depp
254,https://www.youtube.com/watch?v=-CgBSaJ7M1M,Amber Heard & Johnny Depp Tarot Card Reading 🔮
255,https://www.youtube.com/watch?v=KiP9BZvDyYs,"""I'm done"" Johnny Depp Reveals new INSANE evidence that Amber Heard should be behind bars!!!"
256,https://www.youtube.com/watch?v=qF289VHHLSI,Amber Heard Had ELON MUSK'S BABY - SHOCKING PROOF Johnny Depp WAS RIGHT | The Gossipy
257,https://www.youtube.com/watch?v=ES-MmhXYkvc,Johnny Depp - Amber Heard: Γιατί η βία απέναντι στους άντρες μας φαίνεται αστεία;
258,https://www.youtube.com/watch?v=flKdoHdA-GM,Bill Burr Defends Johnny Depp Against Amber Heard
259,https://www.youtube.com/watch?v=kXlBGvOaiiA,Johnny Depp and Amber Heard | Lana Del Rey - Sad Girl
260,https://www.youtube.com/watch?v=G1urAd2UJtg,COMPLETE tape recording of Johnny Depp and Amber Heard from 2015 - Part 1
261,https://www.youtube.com/watch?v=wSjWDN_6ek0,When Amber Heard assaulted Johnny Depp
262,https://www.youtube.com/watch?v=S5N8Grc3n0I,*NEW* Evidence Revales Johnny Depp Will Lose the case against Amber Heard!
263,https://www.youtube.com/watch?v=jM-JjUC6qOQ,"""AMBER'S CRAZY!"" Amber Heard's EX EXPOSES HER LIES about Johnny Depp! | Celebrity Craze"
264,https://www.youtube.com/watch?v=RYwG0W6Hyno,The Day Johnny Depp Cried For Help (But Nobody Listened)
265,https://www.youtube.com/watch?v=bTqgUl0nDjA,"BUSTED! Amber Heard PAID ""friends"" to LIE about Johnny Depp? WOW!"
266,https://www.youtube.com/watch?v=N49QU2JuHZ8,Twitter Reacts To Amber Heard Johnny Depp ACLU Defamation Case | The Gossipy
267,https://www.youtube.com/watch?v=bgcuD5BSy3s,Amber Heard And Johnny Depp Text Messages LEAKED!
268,https://www.youtube.com/watch?v=B4zccr0Kg_o,"""AMBER NEEDS TO BE STOPPED"" Johnny Depp fans UNITE against Amber Heard | Celebrity Craze"
269,https://www.youtube.com/watch?v=gahvdNTEhdQ,Amber Heard FINALLY Receives Her SENTANCE! - Johnny Depp Amber Heard Lawsuit
270,https://www.youtube.com/watch?v=WpnC0BaNKRs,"""I Kicked Him"" Amber Heard Admits She Did Not Only Hit Johnny Depp"
271,https://www.youtube.com/watch?v=Da6ao_h_ZeI,Amber Heard’s Fans Wish DEATH & VIOLENCE To Johnny Depp & his Fans !!!
272,https://www.youtube.com/watch?v=4-RAdrWJkbs,Johnny Depp and Amber Heard: From Romance to Legal Battles |⭐ OSSA
273,https://www.youtube.com/watch?v=-XI7pxiK2L8,Johnny Depp-Amber Heard Recording | Insecurity-Anger Link?
274,https://www.youtube.com/watch?v=mWpS6x93Hr4,Amber Heard EXPOSED By Police Footage and Faces Prison!
275,https://www.youtube.com/watch?v=5WK5cfF_4vk,Johnny Depp interview: Actor says fiancé Amber Heard 'hates' his Mortdecai moustache
276,https://www.youtube.com/watch?v=_4O-YkH-ZYI,JOHNNY DEPP CONTROVERSY AQUAMAN 2 AMBER HEARD LEFTED_BATMAN 1ST TEASER BREAKDOWN IN TELUGU #Dctelugu
277,https://www.youtube.com/watch?v=gsB_nI07k6U,Explicando treta Johnny Depp e Amber Heard
278,https://www.youtube.com/watch?v=KByD2HZ2aN4,Amber Heard CAUGHT Lying Under Oath! - GREAT News For Johnny Depp
279,https://www.youtube.com/watch?v=33N6LS4DLT0,AUDIO Of Johnny Depp Speaking to Amber Heard On The Phone Before The Divorce Case.
280,https://www.youtube.com/watch?v=UxjAzAWfYrk,10 Celebrities Who Defended Johnny Depp Against Amber Heard...
281,https://www.youtube.com/watch?v=sI355O8b7ks,What Amber Heard & Johnny Depp's Situation says about Society
282,https://www.youtube.com/watch?v=WYh4LLTWdLI,Johnny Depp và Amber Heard chạm mặt tại tòa | VTC Now
283,https://www.youtube.com/watch?v=gtWazCwrEZU,Johnny Depp COMPLETELY DESTROYS Amber Heard's STORY! BOOM! (share)
284,https://www.youtube.com/watch?v=6vH_1E0jJN8,More Celebrities That Defended Johnny Depp Against Amber Heard!!
285,https://www.youtube.com/watch?v=zBtGObn95yQ,Latest On The Johnny Depp and Amber Heard Trial | This Morning
286,https://www.youtube.com/watch?v=V_0aR4eLLDI,"""She Manipulates People"" Celebrities DEFENDING Johnny Depp Against Amber Heard"
287,https://www.youtube.com/watch?v=eTrNf4RRvEo,Top 10 Times Johnny Depp Tried To Warn Us About Amber Heard
288,https://www.youtube.com/watch?v=Y_UkrYDu-VA,"""It's Horrible"" Nicole Kidman's Reaction to Working with Amber Heard(VIDEO)"
289,https://www.youtube.com/watch?v=DzcQK6buuNc,Amber Heard's Friends Choose Johnny Depp’s Side After This…
290,https://www.youtube.com/watch?v=undg2kwz3Jo,Amber Heard In Trouble! Johnny Depp Sues ACLU And Exposes Elon Musk
291,https://www.youtube.com/watch?v=DiXRVYRZchs,Johnny Depp and Amber Heard - Diamonds
292,https://www.youtube.com/watch?v=RbtcV9hfgnI,JOHNNY DEPP's Security Guard CONFIRMS Amber Heard Is GUILTY!
293,https://www.youtube.com/watch?v=U8kIY_JREHk,Amber Heard Exposed After Leaked LAPD Footage Surfaced…
294,https://www.youtube.com/watch?v=_ysWKdXQok8,Johnny Depp and the internet vs Amber Heard
295,https://www.youtube.com/watch?v=HXSgBFYg1lc,Johnny Depp ENTRANCE v Amber Heard ENTRANCE DAY 13
296,https://www.youtube.com/watch?v=q6ynGI_FY-8,"Big Win For Amber Heard, Bad News For Johnny Depp"
297,https://www.youtube.com/watch?v=KhshYyUul1o,"Johnny DEPP v Amber HEARD (THE SUN UK) - Legal Analysis of The ""Judgment"""
298,https://www.youtube.com/watch?v=eWijmDzZeJU,Johnny Depp & Amber Heard Case Update: Amber's Parents Sided With Johnny? - NEW TEXTS & EVIDENCE!! -
299,https://www.youtube.com/watch?v=nVB1xxunSWM,Johnny Depp EXIT v Amber Heard EXIT DAY 13
300,https://www.youtube.com/watch?v=fp_eu6pCVa0,La historia del violento matrimonio de Johnny Depp y Amber Heard
301,https://www.youtube.com/watch?v=QQ5x6S_JNo8,AMBER HEARD Laughs At Him In FULL TMZ RECORDING Of JOHNNY DEPP
302,https://www.youtube.com/watch?v=PbXTr41ZFTQ,Johnny Depp & Amber Heard Abuse Claims:  Amber Admits to Multiple Violent Attacks!
303,https://www.youtube.com/watch?v=mLZlCpzw46E,Johnny Depp e Amber Heard áudios traduzidos - PARTE 3
304,https://www.youtube.com/watch?v=UgDLGeHsI5w,Johnny Depp OFFICIALLY LOSES Case Against Amber Heard?!!
305,https://www.youtube.com/watch?v=BoYJAk-dmKc,Johnny depp vs Amber heard Memes ✪ Fresh Memes
306,https://www.youtube.com/watch?v=wOo2BFTRrL4,Elon Musk Speaks Against Amber Heard & Defends Johnny Depp!
307,https://www.youtube.com/watch?v=kpi7MrrPts8,Amber Heard FACING 14 YEARS IN PRISON For Lying About Johnny Depp In Court | The Gossipy
308,https://www.youtube.com/watch?v=ZgdOxbOLDU8,The Chaotic Timeline of Johnny Depp and Amber Heard (2020 UPDATE)
309,https://www.youtube.com/watch?v=QHuotsyqLsw,Johnny Depp EXIT v Amber Heard EXIT DAY 14
310,https://www.youtube.com/watch?v=wYdczqCfgJM,Amber Heard & Johnny Depp's Secret San Francisco Meeting: Psychological Analysis
311,https://www.youtube.com/watch?v=F7flOBTSiCE,Amber Heard interview
312,https://www.youtube.com/watch?v=OqZv0QlQibU,Johnny Depp Reveals Hilarious Way He Freaked Out Wife Amber Heard
313,https://www.youtube.com/watch?v=mYH-sT3awZc,Amber Heard AUDIO abusing Johnny Depp !! FULL AUDIO Reaction !
314,https://www.youtube.com/watch?v=--zyGr81aac,Johnny Depp and Amber Heard lovely photos!
315,https://www.youtube.com/watch?v=xF1yyij4FAA,Amber Heard SPEAKS OUT On Losing All Movie Roles!!!
316,https://www.youtube.com/watch?v=ZBETKtXnfZ0,Amber Heard Admits to Hitting Johnny Depp in Audio Recording
317,https://www.youtube.com/watch?v=qJ_c65ilL9o,Fact Checking Amber Heard's LIES in Speech After Johnny Depp Sun Trial
318,https://www.youtube.com/watch?v=FGy2RZjrUic,AMBER HEARD Reacciona A Petición Que Recaba Mas De 1 MILLÓN De FIRMAS PIDIENDO Su DESPIDO A D.C.
319,https://www.youtube.com/watch?v=6J5Upv7lLI0,JOHNNY DEPP's Lawyer DESTROYS Amber Heard's DEFENCE Motion!
320,https://www.youtube.com/watch?v=2HBoBIsYHoE,Johnny Depp Lawyers Just DESTROYED Amber Heard!
321,https://www.youtube.com/watch?v=dnHoELIK7Go,"Johnny Depp Lists Instances In Court Documents To Show Amber Heard Is A ""Pathological Liar"" | MEAWW"
322,https://www.youtube.com/watch?v=EYo38Ffrzxk,Amber Heard Hearts Johnny Depp
323,https://www.youtube.com/watch?v=TuW5eV82rPU,Johnny Depp May Be 'Ostracised From Hollywood' After Amber Heard Divorce Court Case | This Morning
324,https://www.youtube.com/watch?v=VfXAVItVbaw,High Court hears 'violent' details of Johnny Depp and Amber Heard's marriage | ITV News
325,https://www.youtube.com/watch?v=XiuUzvZMyro,Amber Heard Arguing With Johnny Depp Full Audio
326,https://www.youtube.com/watch?v=GGM0sk2naHA,Amber Heard ADMITS Her Baby Announcement Is A Publicity Stunt...
327,https://www.youtube.com/watch?v=0oe2Tfix9-k,Amber Heard & Johnny Depp Audio Recording | Condensed Version
328,https://www.youtube.com/watch?v=WSFQEIkN5Q0,La llamada TRADUCIDA (en Español) entre Johnny Depp y Amber Heard 🔴 EN DIRECTO (COMPLETA)
329,https://www.youtube.com/watch?v=eIvJlsCKDdo,Amber Heard Calls Out Johnny Depp For Releasing NEW EVIDENCE Against Her...
330,https://www.youtube.com/watch?v=a_DQ_4i-iAs,Johnny Depp | Body Language explained | Guilty or Not?
331,https://www.youtube.com/watch?v=wxAWHNNfro4,"""YOU'RE LYING"" Johnny Depp’s Lawyer REVEALS THIS QUESTIONING Amber Heard | Celebrity Craze"
332,https://www.youtube.com/watch?v=MBQGRxdwEGU,Johnny Depp Controversy Get Amber Heard Fired From AQUAMAN 2? [Explained In Hindi]
333,https://www.youtube.com/watch?v=RWtjb-_Jp2o,Johnny Depp Is So Romantic He Wakes Up Amanda Heard in the Middle of the Night for...
334,https://www.youtube.com/watch?v=mNVEMXal6ro,"Johnny Depp & Amber Heard ""The Danish Girl"" Los Angeles Premiere"
335,https://www.youtube.com/watch?v=WdAD8GO0Yjw,Celebrities DEFENDING Johnny Depp against Amber Heard
336,https://www.youtube.com/watch?v=2RqNnSJLg9Q,Johnny Depp REACTS To The Release Of New Body Cam Footage Confirming Amber Heard's Lies...
337,https://www.youtube.com/watch?v=_3yQPIpbQ2o,"""AMBER'S DONE"" Judge Has Had IT With Amber Heard. Good News For Johnny Depp | Celebrity Craze"
338,https://www.youtube.com/watch?v=MgcAunXGW9E,NEW Video Shows Amber Heard Cheating Johnny Depp & LAUGHING!
339,https://www.youtube.com/watch?v=L4xLhQQHsRo,"More BOMBSHELL Evidence PROVE Amber Heard a Liar, As Johnny Depp Takes the WIN!"
340,https://www.youtube.com/watch?v=lYA_1sS0O3Q,MORE AUDIO Of Johnny Depp Fighting With Amber Heard On The Telephone Before Deciding To Divorce !!
341,https://www.youtube.com/watch?v=s7c2MSfQ0ek,Top 10 Times Johnny Depp Tried To Warn Us About Amber Heard
342,https://www.youtube.com/watch?v=Ls5Ybqj83iI,"""AMBER'S GOING TO JAIL FOR 15 YEARS"" FBI Director To Amber Heard - Johnny Depp WON | The Gossipy"
343,https://www.youtube.com/watch?v=Fet-LMLLlnQ,Gal Gadot ATTACKS Johnny Depp while BACKING Amber Heard! What? Well...
344,https://www.youtube.com/watch?v=3Vywz8T4_M4,8 Times Johnny Depp Tried To WARN Us About Amber Heard!!
345,https://www.youtube.com/watch?v=3-Pd4xhH0mw,Howard Stern & Doug Stanhope Defends Johnny Depp Against Amber Heard
346,https://www.youtube.com/watch?v=uo-Sh6U4x5g,Friend Of Johnny Depp Claims Amber Heard Has History Of Faking Injuries
347,https://www.youtube.com/watch?v=542Rymi6QAI,"Johnny Depp, Amber Heard, Eddie Redmayne at 'The Danish Girl' Red Carpet"
348,https://www.youtube.com/watch?v=gu6OwyF5tf8,[REUPLOAD] Johnny Depp vs. Amber Heard | The Full Story of a Toxic Relationship & Abuse
349,https://www.youtube.com/watch?v=19RP4ruN1Do,10 Celebs That Defended Johnny Depp From Amber Heard...
350,https://www.youtube.com/watch?v=cREP1fn40Uw,JOHNNY DEPP Confided In CLOSE Friend ISAAC BARUCH About Amber Heard Hitting Him!😞
351,https://www.youtube.com/watch?v=5gC4a0alCvo,Amber Heard and Johnny Depp | Phone Conversation
352,https://www.youtube.com/watch?v=QDA7Q8Xivy0,Facts: What They Don't Tell You About | Johnny Depp | Amber Heard | Almas Jacob | #geonews
353,https://www.youtube.com/watch?v=RXT-uY5jbaQ,Johnny Depp Says Amber Heard POOPED In Their Bed!!!
354,https://www.youtube.com/watch?v=aM9-0Gt8q2M,Johnny Depp's Fans Push To Fire Amber Heard Backfires... ?!
355,https://www.youtube.com/watch?v=JXjQDRfbECU,Audio Proof Johnny Depp did not Abuse Ex Wife Amber Heard. *She Admits It*
356,https://www.youtube.com/watch?v=jKDpOJ2KKNk,"Anonymously Leaked Video Proves Amber Heard Attacked her Sister, Says Johnny Depp's Lawyers"
357,https://www.youtube.com/watch?v=3Sd0jA6po1M,"LONDON FIELDS Trailer  Amber Heard, Johnny Depp"
358,https://www.youtube.com/watch?v=XVL4Bn3uLxs,Johnny depp amber heard newest voice recording and ambers deposition 17 . 3 . 2020
359,https://www.youtube.com/watch?v=phtD_zWn8e4,Amber Heard & Friends: Constant Contradictions! With Friends Like These...
360,https://www.youtube.com/watch?v=92d5OKc242M,Amber Heard DEMANDS New Judge After Johnny Depp's BIG Win!!! (ACLU DONATIONS)
361,https://www.youtube.com/watch?v=s0IMWYKqrQs,Audio file of Johnny Depp revealing that Amber Heard throws pots at him
362,https://www.youtube.com/watch?v=3JM3BziBcd8,Awkward video of Amber Heard FAKE CRYING with Johnny Depp for PUBLICITY!
363,https://www.youtube.com/watch?v=8O4FsjkvFoc,Amber Heard ADMITS It! Johnny Depp Secret Recording Released!
364,https://www.youtube.com/watch?v=T3K5U8LKaf4,Johnny Depp REACTION to Amber Heards Apology Video
365,https://www.youtube.com/watch?v=HWbaqjWkHLE,Amber Heard Gets Gloriously Pranked By Johnny Depp and Her Dad on 'Overhaulin'!
366,https://www.youtube.com/watch?v=UvsHWTGHmts,Amber Heard Faces 10 Years In Prison For Accusations Against Johnny Depp!!!
367,https://www.youtube.com/watch?v=HS57gQySpdU,Amber Heard Faces 10 Yrs In Prison For Bribing Johnny Depp's Lawyer!?
368,https://www.youtube.com/watch?v=EM0FOEzowak,Amber Heard stans INFECT Reddit?! Johnny Depp supporters NOT ALLOWED!
369,https://www.youtube.com/watch?v=9kkAt20uGOQ,"Amber Heard STOLE her STORY from Johnny DEPP, after SHE DID IT! (exclusive)"
370,https://www.youtube.com/watch?v=ORpBAIB9j64,Johnny Depp and Amber Heard: Australian biosecurity
371,https://www.youtube.com/watch?v=AP3iXlwzNoo,Amber Heard Gets Overhauled
372,https://www.youtube.com/watch?v=WJIA7lEbk0g,SHOCKING PHOTOS PROVE Amber Heard POOPED Johnny Depp's bed!
373,https://www.youtube.com/watch?v=aaS4Lpx-vRg,Amber Heard and the ACLU EXPOSED in Johnny Depp BOMBSHELL!
374,https://www.youtube.com/watch?v=rl2bk4QUXL8,All the Times Amber Heard Admits to Violence / Hitting Johnny Depp Audio Recordings
375,https://www.youtube.com/watch?v=uSPN8AOBEx8,A friend of Johnny Depp has called Amber Heard injury photos 'phoney baloney'
376,https://www.youtube.com/watch?v=l_bsAVFnzOE,THE TRUTH ABOUT AMBER HEARD & JOHNNY DEPP: How To Spot & Escape A Narcissist | Shallon Lester
377,https://www.youtube.com/watch?v=lZClXEqMLG8,"Amber Heard EXPOSED in NEW Bombshell VIDEO, PROVES Johnny Depp RIGHT! | Celebrity Craze"
378,https://www.youtube.com/watch?v=-B1LFjDUh9g,Johnny Depp appeal finally brings JUSTICE?! Amber Heard charity lie EXPOSED!
379,https://www.youtube.com/watch?v=yTeCujn7xfE,Amber Heard: Johnny Depp libel case 'incredibly painful'
380,https://www.youtube.com/watch?v=8Mu7Dl4lwWk,Justice For Johnny Depp - Amber Heard Audio Leak Reveals Truth
381,https://www.youtube.com/watch?v=Ux7FiJZHTf8,Fans Drag Brad Pitt And Angelina Jolie Into Debate About Amber Heard-Johnny Depp Audiotapes | MEAWW
382,https://www.youtube.com/watch?v=MDakIrT-1Rg,Amber Heard's 2016 Deposition Against Johnny Depp
383,https://www.youtube.com/watch?v=8-AE441SoHU,Real Reason Behind Johnny Depp & Amber Heard Divorce | Comicnity Hindi
384,https://www.youtube.com/watch?v=XDKAywMESrk,Johnny Depp tells High Court ex-wife Amber Heard 'struck me'
385,https://www.youtube.com/watch?v=YXzdaV099VM,Celebrities REACT To Johnny Depp And Amber Heard
386,https://www.youtube.com/watch?v=mmYhcqkTwpc,Johnny Depp Thanks Wife Amber Heard For Putting Up With Him | Palm Springs Film Festival 2016
387,https://www.youtube.com/watch?v=U16bgD5Bjww,Johnny Depp DEMANDS ACLU SHOW PROOF of Amber Heard's Donation | Celebrity Craze
388,https://www.youtube.com/watch?v=dEhhgg43AiI,Body Cam Footage PROVING Amber  Heard LIED about Johnny Depp!
389,https://www.youtube.com/watch?v=VjG-zaFVoLw,Amber Heard MOCKS NEW Judge Over Johnny Depp's Win!
390,https://www.youtube.com/watch?v=TQnhYatNnuI,Johnny Depp WRECKS the JUDGE and Amber Heard on the ROAD TO APPEAL!
391,https://www.youtube.com/watch?v=_Hgxjru74Uo,"Amber Heard Caught Laughing at ""Abuse"" by Johnny Depp on Tape & How Media Lies About Depp's Trial"
392,https://www.youtube.com/watch?v=SjtkduDGVNg,Johnny Depp Didn't Lose - UK Courts Let Amber Heard LIE!
393,https://www.youtube.com/watch?v=m8L-KXku3u0,Amber Heard FACES 10 YEARS IN PRISON For Lying About Johnny Depp In Court! | Celebrity Craze
394,https://www.youtube.com/watch?v=AO7QHp_M4OU,Johnny DEPP v Amber HEARD: New Damning Evidence Against Amber: Will It Impact The UK Trial?
395,https://www.youtube.com/watch?v=a-b5vumtC1M,JOHNNY DEPP v Amber Heard Photo Analysis (CORDEN SHOW) Ft. Ya Boy Gary
396,https://www.youtube.com/watch?v=emRPlqnYCHI,Amber Heard Threatens Johnny Depp's Son On Social Media!!!?
397,https://www.youtube.com/watch?v=OoQn_PvthGM,Amber Heard & Johnny Depp: The Real ABUSER FINALLY REVEALED!! (UNCENSORED AUDIO!) #JUSTICEFORJOHNNY
398,https://www.youtube.com/watch?v=Z-8ljh8ub4U,Amber Heard: Johnny Depp Is Scared | TMZ Live
399,https://www.youtube.com/watch?v=z24CELjOnuA,An Open Letter to Elon Musk Regarding Johnny Depp & Amber Heard (My Quick Take)
400,https://www.youtube.com/watch?v=W-4Jl2BJh9c,Amber Heard: 'Incredibly painful' to relive breakup with Johnny Depp
401,https://www.youtube.com/watch?v=JtejHlXbMGk,Robert Downey Jr. save his best friend Johnny Depp  from Amber Heard
402,https://www.youtube.com/watch?v=Yv8Z4LXxmt8,Johnny Depp Gets a BIG Legal WIN in Virginia!
403,https://www.youtube.com/watch?v=u3shLTILjaE,Sia Supports Johnny Depp In Amber Heard Divorce
404,https://www.youtube.com/watch?v=6q9xjN3S8ww,Johnny Depp & Amber Heard Abuse Claims: Anatomy of a Lie!
405,https://www.youtube.com/watch?v=wGZs2lmI3ak,Johnny Depp's Family Hated Amber Heard as He Rejects Spousal Support in Divorce
406,https://www.youtube.com/watch?v=KyZRrvGWiC0,Amber Heard says it was ‘incredibly painful’ to relive Johnny Depp break-up in bombshell trial
407,https://www.youtube.com/watch?v=SpGq-Q19Vbo,Body Language Analyst Reacts To Amber Heard on the Stand in Johnny Depp's Libel Case
408,https://www.youtube.com/watch?v=9xZrianSo_g,Johnny Depp ve Amber Heard Arasındaki Gerilim Dinmiyor
409,https://www.youtube.com/watch?v=-Jol3XD81yA,Johnny Depp & Amber Heard Controversy Coming To An End
410,https://www.youtube.com/watch?v=rGGS0SC-b-U,Johnny Depp trial: Damning audio tapes revealed in court
411,https://www.youtube.com/watch?v=Vjejpodph54,Amber Heard Sentenced In Court After Shocking Details Surface…
412,https://www.youtube.com/watch?v=texpJFUpVC8,Johnny Depp Reveals How Amber Heard Ruined Her Own Career…
413,https://www.youtube.com/watch?v=LbK1NcwSuak,AMBER HEARD AND JOHNNY DEPP AUDIO SURFACES ONLINE | Double Toasted
414,https://www.youtube.com/watch?v=VbNCYZmqr00,Johnny Depp PRAISES Amber Heard For Being So Caring / AUDIO
415,https://www.youtube.com/watch?v=KhgM-PLc-vk,Amber Heard CAUGHT Lying AGAIN! Johnny Depp's New Evidence!
416,https://www.youtube.com/watch?v=7XXpYKum7Ok,The Danish Girl: Amber Heard & Johnny Depp TIFF 2015 Movie Premiere Gala Arrival | ScreenSlam
417,https://www.youtube.com/watch?v=y8eYUNJhJEk,Johnny Depp and Amber Heard - A love to remember!
418,https://www.youtube.com/watch?v=s6WURSKXIiw,Amber Heard in Tears on Charity Outing With Johnny Depp
419,https://www.youtube.com/watch?v=rR2qljENDgY,"Johnny Depp 'is no wife beater', his lawyers tell High Court in Amber Heard libel case | ITV News"
420,https://www.youtube.com/watch?v=Tp_xhpK6Okc,Johnny Depp Amber Heard Explained Part 2 (Interesting Details & Photos)
421,https://www.youtube.com/watch?v=lsdDSGMXZHc,Johnny Depp Reacts To Amber Heard Being In Aquaman 2
422,https://www.youtube.com/watch?v=va1yX3pEAwE,Johnny Depp speaks out about Amber Heard
423,https://www.youtube.com/watch?v=PaR6L5nMGoc,Amber Heard is Innocent - Domestic Violence with Johnny Depp (Documentary)
424,https://www.youtube.com/watch?v=S2Jghxd9fms,Amber Heard And Johnny Depp's Fight's Audio Tape
425,https://www.youtube.com/watch?v=p7601KMf9Tg,Johnny Depp & Amber Heard -- Alleged Domestic Violence Explained | TMZ Live
426,https://www.youtube.com/watch?v=lslHx-nHjzc,FULL 2 HOUR AUDIO Depp vs Heard
427,https://www.youtube.com/watch?v=JCjwf9LAfXc,Johnny Depp traumatised after almost losing his finger by abuser Amber Heard...
428,https://www.youtube.com/watch?v=qdRZP1s5GM4,Amber Heard Attack and Mocks Johnny Depp On Instagram !
429,https://www.youtube.com/watch?v=_4TZ3VAJD7o,Analysing the Argument between Johnny Depp And Amber Heard: Part 1
430,https://www.youtube.com/watch?v=TwMLyFExrGY,"Audio reveals Johnny Depp told Amber Heard, 'We are a crime scene waiting to happen'"
431,https://www.youtube.com/watch?v=xVaDsXiuqk4,Amber Heard Talks for First Time About Marriage to Johnny Depp
432,https://www.youtube.com/watch?v=y9LG2UTS4Iw,7 Early Signs That Amber Heard Was Lying About Johnny Depp!
433,https://www.youtube.com/watch?v=Grlao4wLRBc,JOHNNY DEPP: AGRESSEUR OU AGRESSÉ - partie 2 #GIVDT 40
434,https://www.youtube.com/watch?v=WFVf9t5iL5U,"Audio shock di Johnny Depp e l’ex Amber Heard. Lei ammette: “Ti ho colpito”, lui: “Sono spaventato”"
435,https://www.youtube.com/watch?v=mZtXnBmIaOQ,Johnny Depp Vs Amber Heard: *Disturbing* PROOF Revealed
436,https://www.youtube.com/watch?v=CYNJKoha2W0,Johnny depp Cool Entry | Johnny depp and his Ex-wife Amber heard | Johnny depp Whatsapp Status
437,https://www.youtube.com/watch?v=9vSwSEadEaY,Amber Heard sued for 50 million dollars
438,https://www.youtube.com/watch?v=oM2z5CXKDqU,How Amber Heard lives and how she cheated on Johnny Depp
439,https://www.youtube.com/watch?v=iuW76720Pfs,¡Johnny Depp Es INOCENTE! La MISERABLE Verdad Acerca Amber Heard
440,https://www.youtube.com/watch?v=H-Gdg4c4v80,BOMBA: ¡JOHNNY DEPP demuestra que AMBER HEARD mintió! ¿BRAD PITT vioIento? RYAN en el SNYDER CUT
441,https://www.youtube.com/watch?v=pPgIVEDdWiI,Johnny Depp Can WIN Amber Heard COURT CASE AFTER THIS BIG REVEAL | The Gossipy
442,https://www.youtube.com/watch?v=YFSUDD2uoz0,Jason Momoa DEFENDS Amber Heard AGAINST Johnny Depp!!!
443,https://www.youtube.com/watch?v=_d2gi3ALSlM,These Celebrities Are Tired Of Amber Heard's Lies - Johnny Depp Amber Heard Lawsuit
444,https://www.youtube.com/watch?v=ieYN27ZnXIE,Johnny Depp Loses Court Case Against Amber Heard
445,https://www.youtube.com/watch?v=HwKB80xZdus,Johnny Depp & Amber Heard Abuse Claims: Amber Caught Lying Under Oath! NEW AUDIO and VIDEO!
446,https://www.youtube.com/watch?v=csQ747x9Hws,"Amber Heard is Innocent 2 - Johnny Depp, Domestic Abuse, Hollywood, Hate & Equality"
447,https://www.youtube.com/watch?v=e18H8DSmE3Q,DRAME JOHNNY DEPP et AMBER HEARD : LA SUITE | Dairing Tia
448,https://www.youtube.com/watch?v=VKCT8YVdPJU,Amber Heard SHOCKED BY HUGE Court Loss To Johnny Depp! | Celebrity Craze
449,https://www.youtube.com/watch?v=XMj3_w81Oso,[REAL] LAPD Bodycam PROVES JOHNNY DEPP Is INNOCENT! Amber Heard Exposed!
450,https://www.youtube.com/watch?v=SqIWhW9n5Ic,Johnny Depp and Amber Heard: Guilty until proven innocent - Full documentary 2020
451,https://www.youtube.com/watch?v=Q2BDtdkyxFk,Johnny Depp & Amber Heard apologise for illegally bringing dogs to Australia
452,https://www.youtube.com/watch?v=QWHk-08HkBA,Amber Heard Is FINISHED! Why She's Losing ALL Her Supporters! Amber Heard Johnny Depp Lawsuit UPDATE
453,https://www.youtube.com/watch?v=zu21nV0ku0E,"Johnny Depp and Amber Heard arrive at Excelsior hotel in Venice, sept. 04, 2015. (HD)"
454,https://www.youtube.com/watch?v=IGmC0NSEuWQ,COMPLETE tape recording of Johnny Depp and Amber Heard from 2015 - Part 2
455,https://www.youtube.com/watch?v=sa6V6HeTSdA,Johnny Depp-Amber Heard Phone Call Analysis (2nd Leaked Audio)
456,https://www.youtube.com/watch?v=mN1B-H7i0nE,Johnny Depp & Amber Heard Abuse Claims (and the lies not talked about)
457,https://www.youtube.com/watch?v=ykYn9RslWHQ,Judge BACKS JOHNNY DEPP in a MONSTER WIN in this HUGE court BOMBSHELL!
458,https://www.youtube.com/watch?v=dqRTn21jNHI,CUT ME! Johnny depp Amber heard voice recording (the sun court case)
459,https://www.youtube.com/watch?v=fnPhgQYUMPs,Psicólogo analiza el lenguaje no verbal de Amber Heard
460,https://www.youtube.com/watch?v=fLwjPqQIOuU,Body Language of Johny Depp Interviewed about How Amber Heard Injured Him
461,https://www.youtube.com/watch?v=9s4mnsTEiw8,Johnny Depp & Amber Heard | 2016 HEAVEN Gala Red Carpet
462,https://www.youtube.com/watch?v=53ZS1RSC9Cw,Johnny Depp y Amber Heard - Audio que demuestra que ella le maltrataba
463,https://www.youtube.com/watch?v=BgEtN_tF-Tg,"""SHE DESTROYED HER OWN CAREER"" Johnny Depp Speaks on Amber Heard | Celebrity Craze"
464,https://www.youtube.com/watch?v=PaVtBzuBJaY,"Amber Heard Denies Fabricating Injuries, Cheating On Johnny Depp"
465,https://www.youtube.com/watch?v=Y4Xh2KBI4I0,Johnny Depp and Amber Heard's Apology Video - Making Of
466,https://www.youtube.com/watch?v=JBRHaavxRbw,Amber Heard and Henry Cavill's secret relationship? Johnny Depp apparently didn't know about this! 😂
467,https://www.youtube.com/watch?v=0MUfUbvWS0Y,Fake Feminism Has To Stop (Hindi) Johnny Depp V/S Amber Heard
468,https://www.youtube.com/watch?v=_QkHrcCaEJg,JOHNNY DEPP GAK AKAN PERANIN JACK SPARROW LAGI KARENA KASUS INI!
469,https://www.youtube.com/watch?v=GkURsM5AV78,¡El plan de Hollywood para ACABAR con Johnny Depp! J. Lo ROMPE internet y el QUIEBRE de Britney
470,https://www.youtube.com/watch?v=iV3V0wwhVhI,Johnny Depp is what?! Closing arguments DESPERATE to make Amber Heard look good! Annoyed the JUDGE!
471,https://www.youtube.com/watch?v=nEyBc2Ie2MU,Amber Heard's Sister Defended Johnny Depp! Justice for Johnny
472,https://www.youtube.com/watch?v=9A55OE7bqKk,EL FIN DE AMBER HEARD: ¡JOHNNY DEPP siempre fue INOCENTE!
473,https://www.youtube.com/watch?v=KEwqs75GFJQ,Ultimate Hollywood Drama | Johnny Depp Amber Heard
474,https://www.youtube.com/watch?v=natIpduk0F8,Amber Heard and Johnny Depp laugh and joke on Thanksgiving 2015
475,https://www.youtube.com/watch?v=Yuf3ZT7Pj4M,Video Shows James Franco With Amber Heard 1 Day After Fight With Johnny Depp
476,https://www.youtube.com/watch?v=NfUvMF-kkXU,Johnny Depp & Amber Heard Abuse Claims: Questions you should be asking (Part 1)
477,https://www.youtube.com/watch?v=JOP9nmzKDww,Woketivists get it wrong | Johnny Depp & Amber Heard audio leak
478,https://www.youtube.com/watch?v=fMmVy2dq7G4,¡AMBER HEARD ataca a JOHNNY DEPP y su abogado! Controversia de EL DEMENTE y regresa HARLEY QUINN
479,https://www.youtube.com/watch?v=6pJg88qPIXk,"""AMBER'S CRAZY!"" Twitter Reacts To Amber Heard Johnny Depp ACLU Defamation Case | Celebrity Craze"
480,https://www.youtube.com/watch?v=pFWVoEHcEjw,"Johnny Depp, Amber Heard React To Leaked Audio"
481,https://www.youtube.com/watch?v=qguF7kJkEaQ,Johnny Depp & Amber Heard: NEW MANIPULATIVE AUDIO RELEASED! Amber Verbally ABUSES Johnny
482,https://www.youtube.com/watch?v=KTFXHVzIUhM,AMBER HEARD ADMITE HABER ABUSADO DE JOHNNY DEPP - AUDIO SUBTITULOS ESPAÑOL
483,https://www.youtube.com/watch?v=ShObyc9vqXM,Jason Momoa Speaks On Amber Heard Being Replaced From Aquaman 2!?
484,https://www.youtube.com/watch?v=jQTD2pDwoz4,10 Times Johnny Depp Tried To Warn Us About Amber Heard
485,https://www.youtube.com/watch?v=OlKeX-0vGD4,ACLU Responds to Johnny Depp's Subpoena Regarding Amber Heard Donations
486,https://www.youtube.com/watch?v=znMtuv4W0Bc,¡Amber Heard esta DESESPERADA y CANCELAN a Bill Murray! Kevin Smith vs los fans de He-Man 🔥
487,https://www.youtube.com/watch?v=jbp4UiBTgO8,Amber Heard *Exposed* by her Lawyer for Lying and Ruining Johnny Depp!
488,https://www.youtube.com/watch?v=uZxSwrKXe-4,ROCKY Pennington WITNESS Statement - Johnny Depp v Amber Heard
489,https://www.youtube.com/watch?v=wNk6xgXXeMc,Johnny depp beautiful ❤️ wife Amber Heard status#lovezone captain Jack sparrow.#lovezone
490,https://www.youtube.com/watch?v=L2y6ED9Cu8s,Johnny Depp vs Amber Heard
491,https://www.youtube.com/watch?v=GM1KCHZ1L0c,Johnny Depp e Amber Heard áudios legendados/traduzidos - PARTE 4
492,https://www.youtube.com/watch?v=OHfyPZDwyBE,🚨🚨 LIVE Johnny Depp vs Amber Heard Case !
493,https://www.youtube.com/watch?v=lJSb_VH-P_c,Raven Symoné DISSES Amber Heard and SUPPORTS Johnny Depp?! Amber seen SCREAMING!
494,https://www.youtube.com/watch?v=nYHIkZW6aoU,"Eddie Redmayne, Amber Heard The Danish Girl Red Carpet (2015 Venice International Film Festival)"
495,https://www.youtube.com/watch?v=guA6QMGKZU8,Johnny Depp Amber Heard Controversy Explained in Twenty Minutes
496,https://www.youtube.com/watch?v=d0xwuSw1Nzk,Johnny Depp's Exes & Amber's Assistant DESTROY Heard
497,https://www.youtube.com/watch?v=fb32I0dSdT0,Amber Heard Johnny Depp Trial CANCELLED If This Happens? | Celebrity Craze
498,https://www.youtube.com/watch?v=y636dzTjMrs,El fin de AMBER HEARD: ¡Abandona Hollywood al descubrirse sus MENTIRAS sobre JOHNNY DEPP!
499,https://www.youtube.com/watch?v=wH2W095OUhk,"""Me Too Saved My Case"" Amber Heard Admits Exploiting #MeToo Against Johnny Depp"
500,https://www.youtube.com/watch?v=iRkweYsD_Jg,"""She's Shady"" Alex Rodriguez Speaks On Jennifer Lopez (IG LIVE)"
501,https://www.youtube.com/watch?v=8fWLjvA6StI,Johnny Depp BRUTALMENTE GOLPEADO l Amber Heard revela que lo maltrató
502,https://www.youtube.com/watch?v=CTwZ0tzJZps,Johnny Depp SUING Amber Heard and ACLU After Emails REVEAL THIS | Celebrity Craze
503,https://www.youtube.com/watch?v=XelfniOHA94,Jason Momoa Emilia Clarke Nicole Kidman FURIOUSLY REACT To Working w/ Amber Heard | Celebrity Craze
504,https://www.youtube.com/watch?v=Zdvvx_6bmTQ,Actress Amber Heard Admits To Hitting Johnny Depp on TAPE~The Media Shows Their Hypocrisy
505,https://www.youtube.com/watch?v=QdVsTIniocQ,Amber Heard FULL Apology Video: This Has Gone Too Far
506,https://www.youtube.com/watch?v=ESp6yvC3AxA,IL LOSCO CASO di JOHNNY DEPP: il riassuntone (quasi) definitivo
507,https://www.youtube.com/watch?v=pYslnFACuwM,ThatUmbrellaGuy: Johnny Depp vs Amber Heard Case and CHILL! NEWESS for the week!
508,https://www.youtube.com/watch?v=8oNYOv4o8zM,Johnny Depp’s lawyers say video shows Amber Heard ‘attacked’ sister
509,https://www.youtube.com/watch?v=Fbj-rdj0STI,Elon Musk Abused by Amber Heard?? | From Johnny Depp to DV - It Never Stops!
510,https://www.youtube.com/watch?v=C8eI14tE_Yw,Amber Heard & the Double Standards Against Johnny Depp
511,https://www.youtube.com/watch?v=HNwoRxZzbjM,Amber Heard Explains Her Tattoos
512,https://www.youtube.com/watch?v=KMENaSYGMu0,Johnny Depp piège sa femme !
513,https://www.youtube.com/watch?v=KCy4_wrm63E,Feminist take on Johnny Depp v Amber Heard
514,https://www.youtube.com/watch?v=Wmsvy4yrKfQ,Johnny depp and Amber heard 💕 |whatsapp status
515,https://www.youtube.com/watch?v=RIUp9HoK6Sk,Amber Heard Under INVESTIGATION! Facing 4 Years In Prison For LYING About Johnny Depp
516,https://www.youtube.com/watch?v=VDP9NVQmiXw,Johnny Depp & Amber Heard Abuse Claims: Australia's Bloody Aftermath! NEW UNCENSORED AUDIO!!
517,https://www.youtube.com/watch?v=fTIscrsKog4,Amber Heard in 'Pirates of the Caribbean 6' INSTEAD of Johnny Depp?!
518,https://www.youtube.com/watch?v=hla8tvohIhI,JOHNNY DEPP - APANHOU DA MULHER E FOI DENUNCIADO POR AGRESSÃO
519,https://www.youtube.com/watch?v=Z1Kp2MtNLOM,JOHNNY DEPP v Amber Heard Photo Analysis (MIRROR) Ft. Come Geek Some
520,https://www.youtube.com/watch?v=XDMj7QmooAk,Justice For Johnny Depp at Warner Bros Studio where Amber Heard is filming Aquaman 2
521,https://www.youtube.com/watch?v=jsDJEZhsfGY,JOHNNY DEPP v Amber Heard (The Sun) | Amber Heard WITNESS Statement (5 of 7) Full Readthrough
522,https://www.youtube.com/watch?v=32Bes_IN1O0,Analysing Amber Heard's Abuse Of Johnny Depp
523,https://www.youtube.com/watch?v=n2q-kN4GIwg,10 Times Johnny Depp Tried To Warn Us About Amber Heard : Johnny Depp & Amber Heard
524,https://www.youtube.com/watch?v=-sKyN0_D_ec,AMBER HEARD ADMITS TO KICKING A DOOR INTO JOHNNY DEPPS HEAD - NEVER BEFORE SEEN DEPOSITION FOOTAGE
525,https://www.youtube.com/watch?v=XWpLoq8teMU,Johnny depp deposition 2018( april 7 2020)
526,https://www.youtube.com/watch?v=O3DBFiOw_mk,"Johnny Depp & Amber Heard Abuse Claims: Amber ""just lost it"" so Johnny LOST A FINGER! NEW EVIDENCE!!"
527,https://www.youtube.com/watch?v=04Cz-uOognU,Amber Heard Body Language — Expert Analysis of Her Depp Deposition
528,https://www.youtube.com/watch?v=4r8UJv97GjM,Body Language Proof Amber Heard Is The Worst Actor In The World Lying About Johnny Depp
529,https://www.youtube.com/watch?v=l0htbL4cQxs,Massive WIN For Johnny Depp & BRUTAL Loss For Amber Heard
530,https://www.youtube.com/watch?v=BfqO_PlXXTg,Johnny Depp Releases NEW EVIDENCE AGAINST Amber Heard
531,https://www.youtube.com/watch?v=ADNQY92P0qw,Audio Leak: Was Johnny Depp Hurt By Ex-Wife Amber Heard? | Rumour Juice
532,https://www.youtube.com/watch?v=4d5vkX4fFug,Amber Heard SECRETLY RECORDS Johnny Depp. Who will the JURY BELIEVE?
533,https://www.youtube.com/watch?v=y7gd40V75Jw,It's like Product Placement! Staging the scene Part 4 (Heard/Depp)
534,https://www.youtube.com/watch?v=GWUMe-u9zKE,"""You Saved Me"" Johnny Depp Thanks His Supporters For Defending Him (VIDEO)"
535,https://www.youtube.com/watch?v=fgNwoepoV9Y,Johnny Depp Has LOST So Much Due To Amber Heard | But How Much??
536,https://www.youtube.com/watch?v=pd7uqUCp69A,Johnny Depp - czy to on jest ofiarą Amber Heard?
537,https://www.youtube.com/watch?v=6yUzdcJsXzI,"Aquaman 2 Won't Remove Amber Heard, Disney Exposes Scarlett Johansson, Blackpink Gets Cancelled"
538,https://www.youtube.com/watch?v=WqcOoR4fhUo,"Amber Heard, Cara Delevingne & Elon Musk Olayları"
539,https://www.youtube.com/watch?v=4a4QGkJrRDc,Johnny Depp WON against Amber Heard After This Info
540,https://www.youtube.com/watch?v=Hxogwam7ex8,Johnny Depp Tells Amber Heard To Remind Him Not To Hurt Her / EXCLUSIVE
541,https://www.youtube.com/watch?v=X-HZMV_QXLo,Amber Heard GOES To Jail For 10 Years For Johnny Depp Accusations?!
542,https://www.youtube.com/watch?v=FfI-1Y7ijYE,How Did Johnny Depp Lose To Amber Heard?! - A Lawyer Reacts to Shocking Libel Verdict for The Sun
543,https://www.youtube.com/watch?v=c9KYEMh5NvE,"Amber Heard enlists Disney vs Johnny Depp, Star Wars Ubisoft, Moon Knight casts May Calamawy"
544,https://www.youtube.com/watch?v=92vikTn3ENI,Amber Heard DENIED by Judge as NOTHING Changes For Johnny Depp!
545,https://www.youtube.com/watch?v=LryuqQ-Pb_M,Everything You Need To Know About Amber Heard
546,https://www.youtube.com/watch?v=RZ9pdYUENBg,Amber Heard Makes Out with Johnny Depp...and Tells - Celebrity Interview
547,https://www.youtube.com/watch?v=k0jXZC7m2HU,10 Celebrities Who Defended Johnny Depp AGAINST Amber Heard...
548,https://www.youtube.com/watch?v=pd-iJRfKPuI,JOHNNY DEPP POR FIN DEMUESTRA QUE AMBER HEARD MINTIÓ: El video que salvara su carrera 🔥
549,https://www.youtube.com/watch?v=6hA_iz5tmJs,Johnny depp and amber heard (full second audio phone call) part 3
550,https://www.youtube.com/watch?v=JWW74lnl6y0,Johnny Depp - Amber Heard zdradzała go z Carą Delevingne i Elonem Muskiem?!
551,https://www.youtube.com/watch?v=M2n9RDNVhzU,Johnny Depp Vs Amber Heard - How Did He Lose?
552,https://www.youtube.com/watch?v=hknBIRc_irA,Johnny Depp et Amber Heard audio part.1 français
553,https://www.youtube.com/watch?v=RNWVkelpZNc,Paralegal Reacts to Judge Siding with Johnny Depp! Amber Heard Ordered to Produce! Transcript Review
554,https://www.youtube.com/watch?v=fWTrqpRcR7g,Amber Heard Tears Up Over Her Awesome New Car on 'Overhaulin''
555,https://www.youtube.com/watch?v=CsCX0tKzdQk,Judge's BOMBSHELL decision RUINS Amber Heard; Depp FINALLY sees JUSTICE!
556,https://www.youtube.com/watch?v=CYlIamQCWJ4,Disney Sends Lawyers To DEFEND Johnny Depp Against Amber Heard In Lawsuit
557,https://www.youtube.com/watch?v=Kmp9vJO4eaw,Johnny Depp Controversy in Hindi | Leaked Audio Clip  | Comicnity Hindi
558,https://www.youtube.com/watch?v=DIdXGdx_kmw,AMBER HEARD: PORTRAIT OF A SOCIOPATH#amberheard #johnnydepp #karmic #sociopath
559,https://www.youtube.com/watch?v=VjBYuyHvAkQ,When a NOBODY acts like a LEGEND. Amber Heard copying Johnny Depp & failing miserably (PT 1)
560,https://www.youtube.com/watch?v=GZNbGg_LAH0,Amber Heard's Overhauled Mustang Is Revealed
561,https://www.youtube.com/watch?v=wsoj6fGF8fQ,Johnny Depp got Fired and lost the Case | Shwetabh Gangwar
562,https://www.youtube.com/watch?v=FXnbE5CgsMk,Amber Heard says SHUT UP to Depp supporters! She goes CRAZY on Twitter!
563,https://www.youtube.com/watch?v=2OzwxIT00ZU,"Johnny Depp’in mahkemede ki ifadesi,2018"
564,https://www.youtube.com/watch?v=jPQS8G8AayY,Johnny DEPP v Amber HEARD - Johnny Responds & Requests Trial Delay
565,https://www.youtube.com/watch?v=i4I8E93VOHM,Johnny Depp #55 - Rum Diary (2011) - I don't know how to write like me (Starring Amber Heard)
566,https://www.youtube.com/watch?v=u7EQYh2ScbE,Jason Momoa REACTS To #BoycottAquaman2 - Fans Want Amber Heard FIRED!!!
567,https://www.youtube.com/watch?v=eu-1DHeLjyU,Amber Heard gives statement over Johnny Depp libel case
568,https://www.youtube.com/watch?v=9v23ej_mYkE,"""TERRIBLE!"" Amber Heard Describes Working with Johnny Depp | Celebrity Craze"
569,https://www.youtube.com/watch?v=cg7aApeAtJ0,Johnny Depp and Amber Heard-Body Language-Neurolanguage
570,https://www.youtube.com/watch?v=Z8eYks2ujxk,johnny depp 💕 and amber heard 💕💕 whatsapp status | johnny depp attitude
571,https://www.youtube.com/watch?v=TzqAslwfhig,MORE Celebrities Who Defended Johnny Depp Against Amber Heard!!!
572,https://www.youtube.com/watch?v=f88pmqhuAjw,10 Times Johnny Depp HATED Amber Heard...
573,https://www.youtube.com/watch?v=q7FQ6nIPyAo,Johnny Depp LOSES his Battle Against Amber Heard! NO Justice for Johnny!
574,https://www.youtube.com/watch?v=2cLct-0KeDM,Johnny Depp and Amber Heard
575,https://www.youtube.com/watch?v=ip3OBqUeGLk,Amber Heard's assistant tells her side of the story
576,https://www.youtube.com/watch?v=xitYZ48wxfw,Amber Heard BOOED after Press Conference UK on Last Day | Johnny Depp
577,https://www.youtube.com/watch?v=ectMpOqProQ,O co chodzi w konflikcie Johnny'ego Deppa i Amber Heard?
578,https://www.youtube.com/watch?v=IOpeH2MAU64,Johnny Depp speaks about his finger injury | IMPORTANT INFO IN DESCRIPTION
579,https://www.youtube.com/watch?v=sit-94sy_e8,Johnny Depp's Lawyer's Epic Closing Statement
580,https://www.youtube.com/watch?v=r2Gc86npCtU,Amber Heard Causes A Scene While Arriving To Her Divorce Deposition Against Johnny Depp 8.13.16
581,https://www.youtube.com/watch?v=QeYRrzb9HK0,NEW PROOF Amber Heard Lied MULTIPLE Times! | This Will Only Help Johnny Depp!
582,https://www.youtube.com/watch?v=M3pSG8v3lEE,"Amber Heard's Apology Video - ""I Can't Go Behind Bars Now with A Child"" (IG LIVE)"
583,https://www.youtube.com/watch?v=qlaAEEEbKfI,Johnny depp amber heard voice recording about the severed finger (april 8 2020)
584,https://www.youtube.com/watch?v=Iw8693l3MGw,Johnny Depp and Amber Heard at the premiere of Mortdecai in London
585,https://www.youtube.com/watch?v=YBMENEd2kfA,Johnny Depp's Two Weddings
586,https://www.youtube.com/watch?v=4GLmbKtHjuM,Johnny Depp i Amber Heard - kolejny zwrot w ich dramatycznym rozwodzie!
587,https://www.youtube.com/watch?v=5-cqZ8-Mi6U,Amber Heard & Elon Musk Affair [ Explained in Hindi ] | Comicnity Hindi
588,https://www.youtube.com/watch?v=4HYIYW8uwUg,50 Shades Of Amber Heard ! A Part Of Amber Heard’s Statement of Truth or is it ??
589,https://www.youtube.com/watch?v=VKsZGKlcJB4,The Rum Diary London premiere - Amber Heard interview
590,https://www.youtube.com/watch?v=EAc_uPI8Hck,Johnny Depp and Amber Heard release bizarre apology video
591,https://www.youtube.com/watch?v=j94ckfo6DnU,Amber Heard Desperately Tries To Get Lawsuit Dropped & MGM BURIES Depp Movie
592,https://www.youtube.com/watch?v=NsQvob927HA,"Shocking! Jack Sparrow படுகாயம் | Jhonny Depp, Amber Heard, Divorce, Pirates of the Caribbean | News"
593,https://www.youtube.com/watch?v=Cjp3mfXxuXw,Johnny Depp Left With a Black Eye After Allegedly Being Punched in the Face by Amber Heard
594,https://www.youtube.com/watch?v=XOfZGImKrZI,The Rum Diary Official Trailer 2011
595,https://www.youtube.com/watch?v=TmcfzG0IY7Q,Video: 'Get the f*** up!' Amber Heard recounts Johnny Depp screaming
596,https://www.youtube.com/watch?v=ku2d8-rD9u8,Johnny Depp Fans SLAM MGM Over Minamata Movie!
597,https://www.youtube.com/watch?v=zTnQwjzliJ8,ThatUmbrellaGuy: Johnny Depp WARNER Ban?! Court news! He-Man crazy! More!
598,https://www.youtube.com/watch?v=cca4OTVH4Qg,Amber Heard admite ter agredido Johnny Depp em novo áudio [LEGENDADO]
599,https://www.youtube.com/watch?v=rRw2oYAxFr8,Boss Ride for Johnny Depp's Leading Lady
600,https://www.youtube.com/watch?v=R8KblG1S0_A,The Rum Diary - Official Trailer (2011) HD Johnny Depp New Movie
601,https://www.youtube.com/watch?v=bcIBateEM98,Johnny Depps Big Win | Johnny Depp Vs Amber Heard | ACLU
602,https://www.youtube.com/watch?v=kYjDwJ5IHF8,Amber Heard 'The Rum Diary' interview: Johnny Depp is a true artist
603,https://www.youtube.com/watch?v=GZA4XIW7BZE,AMBER HEARD CLAPS BACK As She REACTS TO THE HORRIBLE Reviews For Her New Movie | The Gossipy
604,https://www.youtube.com/watch?v=8wkdX7slq7E,Justice for 💞😍Johnny depp 🥺💞 #viral #trending #shorts #johnnydepp #amberheard #captainjacksparrow
605,https://www.youtube.com/watch?v=IE7AT6PYumg,La Triste Vérité Sur La Disparition De Johnny Deep !
606,https://www.youtube.com/watch?v=mixJI3Qv5Kk,Johnny Depp nie odpuszcza i zarzuca Amber Heard przemoc!
607,https://www.youtube.com/watch?v=3lBStqzf0lA,Johnny Depp Victim Blaming Amber Heard AGAIN  Audio
608,https://www.youtube.com/watch?v=ZCkuZfW7rLA,Analysing The Rest Of The Footage Of Johnny Depp Angry - Finally Revealed
609,https://www.youtube.com/watch?v=2i4WKTnYOuk,"Johnny Depp + Heard, Paradis, Moss, Ryder... problematyczny Casanova?"
610,https://www.youtube.com/watch?v=Hf_xIIXUkMw,NEW (FULL) Phone Call Johnny + Amber: “Nobody will believe you’re a victim!!”
611,https://www.youtube.com/watch?v=Pw0ZzAisX_k,"""AMBER HAS GONE CRAZY"" Amber Heard Thinks SHE IS THE DAD Of Her Newborn Baby | Celebrity Craze"
612,https://www.youtube.com/watch?v=GJMM5iBAniw,"LONDON FIELDS Official Trailer (2018) Amber Heard, Johnny Depp Movie HD"
613,https://www.youtube.com/watch?v=P5k5mHmSLyA,Should We Stop Criticizing Amber Heard’s Friends?
614,https://www.youtube.com/watch?v=lVv1wbZkghE,"""JOHNNY GETS CANCELLED"" Warner Bros FIRES EMPLOYEES To STOP Johnny Depp SUPPORT | The Gossipy"
615,https://www.youtube.com/watch?v=fR8j5o68zpQ,Executive CONFIRMS Amber Heard Petition Did Nothing - They DON'T CARE
616,https://www.youtube.com/watch?v=ATf-o9qerTo,Amber Heard Was Never Going To Be Fired From Aquaman 2 Says Producer
617,https://www.youtube.com/watch?v=S7gfVhZ-UZs,Amber Heard biła Johnny'ego Deppa. O czym jeszcze mówiły zagraniczne media? | Plejada
618,https://www.youtube.com/watch?v=EzaT9PqhmKc,Justice For Johnny Depp
619,https://www.youtube.com/watch?v=0EnWvkLrBo0,Aquaman 2 Producer Peter Safran Defends Amber Heard & Slams Johnny Depp Supporters
620,https://www.youtube.com/watch?v=3gLxNtqhR18,Johnny Depp fans demand Amber Heard is sacked from Aquaman - producer responds ( Magazine News )
621,https://www.youtube.com/watch?v=V7He3nQdM6Q,Judge sides with Johnny Depp | ACLU must reveal if Amber Heard donated $7M divorce settlement |
622,https://www.youtube.com/watch?v=E1A8WUXfVmA,Johnny Depp Being Thirsted Over By Female Celebrities!
623,https://www.youtube.com/watch?v=y_OGdLc_nDE,Amber Heard & Johnny Depp: The Love Bombing Manipulation Technique
624,https://www.youtube.com/watch?v=NgPrpf5yt74,Johnny Depp & Amber heard | Johnny Depp Amber heard dakota johnson | Whatsapp status
625,https://www.youtube.com/watch?v=QmKcX0CxDdo,Judge sides with Johnny Depp ACLU must reveal if Amber Heard donated $7M
626,https://www.youtube.com/watch?v=ECBgokbr8HA,Johnny Depp WINS motion forcing ACLU to reveal if Amber Heard ever donated $7M divorce settlement
627,https://www.youtube.com/watch?v=PMTGfQ8HZr4,"Johnny deep and amber heard new attitude status,johnny Depp attitude status,amber heard hot status😍😍"
628,https://www.youtube.com/watch?v=ucRsDXgrGME,Response To ET Canada Amber Heard Playlist!!
629,https://www.youtube.com/watch?v=nwdRK3dqg5Q,"""I CAN'T STAND AMBER"" Jason Momoa SECRETLY HATES Working Alongside Amber Heard | Celebrity Craze"
630,https://www.youtube.com/watch?v=O5RjwsYHfT8,The Rum Diary- Kiss Scene- Johnny Depp & Amber Heard
631,https://www.youtube.com/watch?v=BTRoX-tCQ1Q,"Johnny Depp Scores Victory Against Amber Heard, ACLU Ordered To Prove If Ex-Wife Donated $3.5 Millio"
632,https://www.youtube.com/watch?v=EikW1FIAuxI,Johnny Depp wins a victory in ongoing legal battle with ex-wife Amber Heard
633,https://www.youtube.com/watch?v=wy924aLAdaE,Johnny Depp DONATES to the CHLA and Great Ormand Street Hospital
634,https://www.youtube.com/watch?v=mekV6DzfAxE,Johnny Depp Reportedly Wins Motion To Reveal If Ex Amber Heard Donated The Promised $7 Million From
635,https://www.youtube.com/watch?v=WWezsWF_Rok,Amber Heard Not Fired From 'Aquaman 2' Despite Pressure From Johnny Depp Fans To Get Her Axed From F
636,https://www.youtube.com/watch?v=Hnu3wQZGBV8,💞😍Amber heard best status 💞😍 #shorts #trending #viral #amberheard #aquaman #johnnydepp #Marvel #DC
637,https://www.youtube.com/watch?v=fBS6x2plRCc,Amber Heard BEGS Zack Snyder To Not Fire Her
638,https://www.youtube.com/watch?v=l2q3hY4av3s,Johnny depp🔥 attitude 🔥status🔥 I'm the devil😈of my world🌍 #shorts #johnnydepp #status
639,https://www.youtube.com/watch?v=-JYMoQUg6Cs,Johnny Depp Attitude Status | Pirates of the Caribbean | Captain Jack Sparrow Status
640,https://www.youtube.com/watch?v=j8pnMR7ZFD0,"Producer Foolishly Thinks AH is ""Best"" for Aquaman 2"
641,https://www.youtube.com/watch?v=0PsQQzSbZMU,Judge sides with Johnny Depp: ACLU must reveal if Amber Heard donated $7M divorce settlement
642,https://www.youtube.com/watch?v=oQdiu2U1Omg,Johnny Depp Full Attitude Whatsapp Status || Johnny Depp Jack Sparrow Whatsapp Status HD
643,https://www.youtube.com/watch?v=voQn3Yfdz-g,Top 10 Amber Heard Movies
644,https://www.youtube.com/watch?v=rdkzZRd0B-4,"celebrities pranks( johnny depp , Emma watson...)"
645,https://www.youtube.com/watch?v=S9aITMV6Nk8,Late Night talks ‘Aquaman 2’ Producer Shuts Down Johnny Depp Fans Over Pressure to Fire Amber Heard
646,https://www.youtube.com/watch?v=VPUUrdgxIa8,Amber Heard's Sexy Prank On Liam Hemsworth | CONAN on TBS
647,https://www.youtube.com/watch?v=mhVfeiACVUQ,Amber Heard DEFENDED by Aquaman 2 Producer!
648,https://www.youtube.com/watch?v=Dkzvz9yEKeo,Amber Heard Johnny Depp trial CANCELLED if this happens!?
649,https://www.youtube.com/watch?v=NJezvDF2U2o,Johnny Depp savage moments
650,https://www.youtube.com/watch?v=PpXrp_VuJu8,Depp V Heard. Britney. Markle. Blizzard! LIVE!
651,https://www.youtube.com/watch?v=wdkYJrrVaMs,Johnny Depp & Amber heard 😍 | Johnny Depp | Amber heard | dakota johnson | Whatsapp status🔥. #shorts
652,https://www.youtube.com/watch?v=eDXxjVQO6tg,Amber Heard🔥 Beautiful Looks 😍
653,https://www.youtube.com/watch?v=KOHdi-MFoXw,how Johnny Depp changed
654,https://www.youtube.com/watch?v=u7l3tVrojYg,"Disney's Brutal response to scarlett johansson,Amber heard issue explained by producer TODAYS NEWS"
